image,ft_p_cover,ft_p_stego,base_p_cover,base_p_stego
000.png,2.7111027520732023e-05,0.00029367199749685824,1.3038537872489542e-05,0.9999392032623291
001.png,5.6026543461484835e-05,0.0015288592549040914,6.4088475483004e-05,0.9999878406524658
002.png,6.7062105699733365e-06,0.0002550120116211474,0.0002004397683776915,0.9999046325683594
003.png,6.684264917566907e-06,0.00010991586168529466,3.426254625082947e-05,0.6392436623573303
004.png,2.609358671179507e-05,0.0003075315908063203,8.741842066228855e-06,0.9862630367279053
005.png,7.701747381361201e-05,0.0020777175668627024,0.00022115411411505193,0.9999353885650635
006.png,1.7630143702263013e-05,0.0006670880829915404,1.1516322047100402e-05,0.9999830722808838
007.png,4.5887227315688506e-05,0.004250399302691221,0.0001455948076909408,0.9999725818634033
008.png,2.551776105974568e-06,0.0012851060600951314,6.762422708561644e-05,0.999927282333374
009.png,0.00013329717330634594,1.7767570170690306e-05,6.636530451942235e-05,0.998842716217041
010.png,1.8757793441182002e-05,0.0006768290186300874,0.00022142250963952392,0.99998939037323
011.png,5.440042878035456e-05,0.00011026228457922116,0.0003657583729363978,0.9970030188560486
012.png,2.9563831049017608e-05,0.0066304197534918785,1.2069202966813464e-05,0.99998939037323
013.png,5.925260120420717e-05,1.5915053154458292e-05,0.00017238555301446468,0.5962030291557312
014.png,7.563143299194053e-05,0.0005291639245115221,0.0011375416070222855,0.9968357682228088
015.png,9.388697799295187e-05,4.842847829422681e-06,0.00016470540140289813,0.7868005037307739
016.png,2.430283529974986e-05,0.0016870808321982622,2.9730414098594338e-05,0.999943733215332
017.png,9.981352377508301e-06,3.441685112193227e-05,8.218560105888173e-05,0.9992153644561768
018.png,3.854429814964533e-05,0.0006376277306117117,1.2525600141088944e-05,0.9999624490737915
019.png,2.9612732760142535e-05,0.0005092579522170126,2.3209579012473114e-05,0.9998823404312134
020.png,0.00020675199630204588,0.005743413232266903,5.765923924627714e-05,0.9999934434890747
021.png,0.00018632292631082237,0.001886372221633792,8.685448119649664e-05,0.9999935626983643
022.png,8.09464036137797e-05,0.036934711039066315,3.930901948479004e-05,0.9999635219573975
023.png,4.6193948946893215e-05,0.0004185711732134223,2.9100310712237842e-05,0.9798852801322937
024.png,3.2789521355880424e-05,0.0002371762238908559,1.3920201126893517e-05,0.0001676770334597677
025.png,1.816370422602631e-05,1.544500992167741e-05,2.055681761703454e-05,0.9993146657943726
026.png,1.8283288227394223e-05,9.189017146127298e-05,2.417095129203517e-05,0.9999884366989136
027.png,3.5993289202451706e-06,3.4904867334262235e-06,3.056824789382517e-05,0.9772666692733765
028.png,1.9273391444585286e-05,0.00048068497562780976,7.016727522568544e-06,0.9999876022338867
029.png,6.85646737110801e-05,0.005631728563457727,6.05030299993814e-06,0.999357283115387
030.png,6.810114882682683e-06,0.0002917692472692579,0.00010454248695168644,0.9627159237861633
031.png,2.301072163390927e-05,0.0018242212245240808,7.407492830679985e-06,0.9999679327011108
032.png,4.728426574729383e-05,0.002601561602205038,0.0011934556532651186,0.9999867677688599
033.png,9.60718170972541e-06,0.20742496848106384,6.711784226354212e-05,0.9999953508377075
034.png,3.572037485355395e-06,0.0009477160056121647,0.0001973627950064838,0.9999977350234985
035.png,8.912047633202747e-06,0.00013040706107858568,0.000226833057240583,0.1456214338541031
036.png,0.00015782556147314608,0.0006124084466136992,0.0006200817879289389,0.9998488426208496
037.png,8.055353828240186e-05,0.0008494124049320817,1.0727207154559437e-05,0.9999047517776489
038.png,1.1137603905808646e-05,0.0009712128667160869,2.556853723945096e-05,0.999969482421875
039.png,5.31548066646792e-05,6.345655856421217e-05,0.00016826692444738,0.999690055847168
040.png,4.390520552988164e-05,0.00014555954840034246,8.974522643256932e-06,0.999913215637207
041.png,2.7109217626275495e-05,8.791500295046717e-05,0.001985743176192045,0.389980286359787
042.png,0.0001207258173963055,0.0018653557635843754,5.1765629905276e-05,0.8054019808769226
043.png,8.089361472229939e-06,4.987051943317056e-05,6.0365266108419746e-05,0.07032569497823715
044.png,4.978308788849972e-05,0.0006513021071441472,9.366082667838782e-05,0.9996284246444702
045.png,1.0100317922479007e-05,3.083267074543983e-05,2.3901753593236208e-05,0.9995836615562439
046.png,2.0177725673420355e-05,4.7648009058320895e-05,6.245977419894189e-05,0.9941756725311279
047.png,5.569371933233924e-05,0.0012418777914717793,0.0006103174528107047,0.9999332427978516
048.png,1.3745175238000229e-05,1.8021873984253034e-05,1.867472383310087e-05,0.9999692440032959
049.png,1.8473871023161337e-05,0.4580414295196533,3.409494092920795e-05,0.9999946355819702
050.png,8.70800249685999e-06,0.00010529565042816103,0.0008965019369497895,0.9999287128448486
051.png,6.096471406635828e-05,0.0006333487690426409,3.083329283981584e-05,0.9999868869781494
052.png,1.4747164641448762e-05,1.7140148429461988e-06,0.00241024955175817,0.47334015369415283
053.png,9.651123036746867e-06,9.769137250259519e-05,1.3776985724689439e-05,0.9999023675918579
054.png,2.6546584194875322e-05,0.02606663666665554,1.5424612911374425e-06,0.9999803304672241
055.png,7.52726846258156e-05,0.009650317020714283,1.9896449884981848e-05,0.9999895095825195
056.png,2.6136125597986393e-05,0.0007630970794707537,4.340906525612809e-05,0.9999984502792358
057.png,6.946755456738174e-05,0.01482428703457117,4.2919768020510674e-05,0.9998944997787476
058.png,1.447065187676344e-05,8.37341985970852e-07,0.0001217946846736595,0.9994543194770813
059.png,3.3018011890817434e-05,0.029013877734541893,0.0004487052792683244,0.9999868869781494
060.png,3.710286182467826e-05,0.003001994453370571,0.006815790198743343,0.9999786615371704
061.png,4.716015246231109e-05,0.000691220979206264,1.6572970707784407e-05,0.3530295193195343
062.png,9.9031203717459e-06,0.001946473610587418,0.00010431911505293101,0.9999399185180664
063.png,2.8274253054405563e-05,6.372483039740473e-05,0.00030597898876294494,0.9612602591514587
064.png,3.414700768189505e-05,1.8117203580914065e-05,0.0001036794637911953,0.9997718930244446
065.png,1.6951536963460967e-05,0.0006813126383349299,6.543673225678504e-05,0.9999490976333618
066.png,2.352341471123509e-05,0.0004740675794892013,4.670903945225291e-05,0.9999643564224243
067.png,1.531182169856038e-05,0.0013069104170426726,2.210926368206856e-06,0.9999905824661255
068.png,1.545966006233357e-05,8.418793186137918e-06,0.0012371730990707874,0.9866238236427307
069.png,4.213825741317123e-05,3.048021790164057e-05,6.555284198839217e-05,0.9274865984916687
070.png,2.3149212211137637e-05,9.295745985582471e-05,0.0003079141606576741,0.9549016952514648
071.png,1.6429608876933344e-05,3.1990678053261945e-06,0.00024816952645778656,0.3414072096347809
072.png,9.590495210431982e-06,0.00014073257625568658,3.208894850104116e-05,0.9999934434890747
073.png,6.836429383838549e-05,0.012857162393629551,0.0002560467110015452,0.9999375343322754
074.png,7.557534263469279e-05,0.0005356543697416782,9.818561011343263e-06,0.951331615447998
075.png,1.2752752809319645e-05,5.538684126804583e-05,8.317577885463834e-05,0.9998821020126343
076.png,1.8752731193671934e-05,0.00393560528755188,7.242714491439983e-05,0.9999910593032837
077.png,1.5630499547114596e-05,0.0005316786118783057,9.60397574090166e-06,0.999605119228363
078.png,5.4600523071712814e-06,4.513221938395873e-05,1.0676320925995242e-05,0.997994065284729
079.png,3.7600071664201096e-05,4.566172356135212e-05,0.00026952874031849205,0.9998037219047546
080.png,3.230581569368951e-05,0.00026688494835980237,2.1880023268749937e-05,0.9788550734519958
081.png,9.799843246582896e-05,0.00635916693136096,9.449646313441917e-06,0.9999260902404785
082.png,1.0130241207662039e-05,0.18057085573673248,8.113132935250178e-05,0.9999610185623169
083.png,3.781082114073797e-06,0.00034249501186423004,6.4474193095520604e-06,0.999992847442627
084.png,2.5518138500046916e-05,0.0018228160915896297,9.287064131058287e-06,0.9999752044677734
085.png,1.6200647223740816e-05,0.004467905033379793,2.160086114599835e-05,0.9999308586120605
086.png,2.3256396161741577e-05,0.029062420129776,4.7036592150107026e-05,0.9999960660934448
087.png,0.00030954924295656383,0.0016822817269712687,5.2950515964766964e-05,0.9998835325241089
088.png,3.524603016558103e-05,5.627618156722747e-05,2.885414687625598e-05,0.9999833106994629
089.png,1.0833365195139777e-05,0.000240785870118998,3.8138716718094656e-06,0.9999608993530273
090.png,1.6683688954799436e-05,0.0001936663466040045,0.0007997089414857328,0.9999943971633911
091.png,6.012644917063881e-06,0.003759160405024886,0.0001784874766599387,0.9999947547912598
092.png,5.855635754414834e-05,3.409243799978867e-05,0.0018525944324210286,0.999852180480957
093.png,1.63767999765696e-05,9.353596396977082e-05,3.1236864742822945e-05,0.999987006187439
094.png,1.0389993803983089e-05,0.008566457778215408,5.3224899602355435e-05,0.9999939203262329
095.png,5.135065657668747e-05,0.0005600717267952859,7.479457053705119e-06,0.9584128260612488
096.png,6.236217450350523e-05,0.0003769432078115642,7.413150160573423e-05,0.9995018243789673
097.png,3.241747253923677e-05,0.0013915746239945292,1.0605407624098007e-05,0.9999381303787231
098.png,3.3123160392278805e-05,0.00019398587755858898,0.0014909884193912148,0.9999972581863403
099.png,1.4063426533539314e-05,0.0439271405339241,6.79659642628394e-05,0.9999374151229858
100.png,8.454192538920324e-06,0.0001412454730598256,0.00014561395801138133,0.9956194758415222
101.png,5.6056363973766565e-05,6.547094380948693e-05,0.000449761952040717,0.9999715089797974
102.png,3.484240778561798e-06,0.0014418858336284757,1.4801522411289625e-05,0.9999561309814453
103.png,7.507220288971439e-06,0.0011455946369096637,5.3970925364410505e-05,0.9999918937683105
104.png,1.5378374882857315e-05,0.0002114105154760182,2.071462404273916e-05,0.9999573230743408
105.png,2.404693623248022e-05,5.7691468100529164e-05,5.5882152082631364e-05,0.9998359680175781
106.png,6.1297132560866885e-06,0.0017505368450656533,0.0004009641124866903,0.9999871253967285
107.png,1.6852343833306804e-05,0.0006005670293234289,9.051744200405665e-06,0.9999954700469971
108.png,8.13590577308787e-06,0.0011391752632334828,4.899793111690087e-06,0.9999736547470093
109.png,9.752164260135032e-06,0.0002858837542589754,6.355164077831432e-05,0.9998756647109985
110.png,2.5118548364844173e-05,0.0017339637270197272,7.605872815474868e-05,0.98306804895401
111.png,0.00016930354468058795,0.001373719540424645,0.00014757311146240681,0.9999780654907227
112.png,7.163852387748193e-06,0.018223360180854797,3.6412780900718644e-05,0.9999966621398926
113.png,5.6459692132193595e-05,8.848473953548819e-05,2.042522646661382e-05,0.9998553991317749
114.png,5.612107997876592e-05,0.00028910269611515105,5.5439893912989646e-05,0.9609079360961914
115.png,5.451977631310001e-05,0.00034008274087682366,0.0004402026243042201,0.9999210834503174
116.png,2.8829226721427403e-05,0.019145673140883446,3.435903636272997e-05,0.9999868869781494
117.png,1.875421730801463e-05,2.1605408164759865e-06,1.366448213957483e-05,0.6156079769134521
118.png,1.1234348676225636e-05,0.005263602826744318,0.00020223490719217807,0.9999891519546509
119.png,1.98956549866125e-05,0.001905073644593358,0.00035672701778821647,0.9999823570251465
120.png,4.9577811296330765e-06,1.0316761063222657e-06,3.724384805536829e-05,0.9998857975006104
121.png,4.9604717787588015e-05,0.0004995829076506197,1.6971707736956887e-05,0.9881590604782104
122.png,0.00013482270878739655,0.001742841093800962,3.7875593989156187e-05,0.36961889266967773
123.png,5.283440259518102e-05,0.0001761062303557992,1.0734247553045861e-05,0.9996053576469421
124.png,2.0671765014412813e-05,0.0016474294243380427,0.0005092457868158817,0.974890947341919
125.png,0.00011548773181857541,0.0066053541377186775,0.0004981111851520836,0.9908508658409119
126.png,5.333809440344339e-06,1.3795312952424865e-05,5.564662569668144e-05,0.9435718059539795
127.png,7.325992100959411e-06,0.0010045762173831463,0.000344473693985492,0.9999822378158569
128.png,1.7791035133996047e-05,0.0003322917618788779,1.62163360073464e-05,0.9999692440032959
129.png,4.1584640712244436e-05,0.0010681397980079055,5.4755175369791687e-05,0.9963533878326416
130.png,2.9482886020559818e-05,0.007893776521086693,2.6914163754554465e-05,0.999997615814209
131.png,4.728218846139498e-05,0.007040018681436777,0.0018039682181552052,0.9999744892120361
132.png,2.6069710656884126e-05,0.0002159339637728408,2.694734575925395e-05,0.9999337196350098
133.png,2.7304848117637448e-05,0.0027456318493932486,9.267113455280196e-06,0.9998844861984253
134.png,1.0965079127345234e-05,0.0026435793843120337,0.0005565066821873188,0.9998996257781982
135.png,7.485179594368674e-06,0.00025109725538641214,2.5816563720582053e-05,0.9999500513076782
136.png,1.675433486525435e-05,4.61223771708319e-06,2.297362152603455e-05,0.9998893737792969
137.png,1.858222094597295e-05,0.0007162754191085696,2.939893602160737e-05,0.9999631643295288
138.png,2.339159073017072e-05,0.009945453144609928,2.5374720280524343e-05,0.9994851350784302
139.png,1.6748952475609258e-05,0.0016528898850083351,3.738536543096416e-05,0.9999336004257202
140.png,1.4586231372959446e-05,5.1201030146330595e-05,1.1676866961352061e-05,0.9999674558639526
141.png,4.385561260278337e-05,0.0019175283377990127,6.180447235237807e-05,0.9999855756759644
142.png,2.061370832961984e-05,0.02704959362745285,0.00013659970136359334,0.9999574422836304
143.png,1.9167300706612878e-05,4.283201997168362e-05,5.5349879403365776e-05,0.9998039603233337
144.png,8.808492566458881e-05,1.264991624339018e-05,3.1214021873893216e-06,0.005984399002045393
145.png,1.8061651644529775e-05,0.0013986683916300535,0.00031886689248494804,0.9999630451202393
146.png,3.066205317736603e-05,0.0004804144846275449,0.00014607970661018044,0.9999942779541016
147.png,2.261698136862833e-05,0.0011909987078979611,8.20572313386947e-06,0.9999402761459351
148.png,1.5420348063344136e-05,0.00029113737400621176,2.2340067516779527e-05,0.9999504089355469
149.png,6.782937362004304e-06,0.05721618980169296,3.216449840692803e-05,0.999994158744812
150.png,0.00013337090786080807,0.005459308158606291,0.07662840187549591,0.9999810457229614
151.png,2.650471833476331e-05,0.0005541145801544189,8.791101208771579e-06,0.9673300981521606
152.png,1.1657883987936657e-05,0.0001148227383964695,3.827345608442556e-06,0.9901378154754639
153.png,4.089157664566301e-05,7.845909749448765e-06,0.000428387284046039,0.9978031516075134
154.png,5.823548053740524e-05,0.00324118766002357,7.544759864686057e-05,0.9997506737709045
155.png,4.550700759864412e-05,1.562984471092932e-05,0.0003945436328649521,0.04251847043633461
156.png,2.800394759105984e-05,8.020692621357739e-05,0.00028021662728860974,0.9999743700027466
157.png,2.5121304133790545e-05,0.1830732375383377,0.00022989216085989028,0.9998937845230103
158.png,1.1599552635743748e-05,0.00018383785209152848,0.0001283539750147611,0.9999545812606812
159.png,2.10215148399584e-05,0.0003139084146823734,3.930030743504176e-06,0.9995403289794922
160.png,5.8114095736527815e-05,0.00017009007569868118,3.739948442671448e-05,0.9994031190872192
161.png,3.119465327472426e-05,0.27523383498191833,7.599840319016948e-05,0.9999822378158569
162.png,1.6310712453559972e-05,0.28323474526405334,0.00021759876108262688,0.9999678134918213
163.png,6.049745570635423e-05,1.8059758076560684e-05,1.8262811863678508e-05,0.7442352771759033
164.png,5.484292614710284e-06,0.00031937984749674797,4.903721855953336e-05,0.9999798536300659
165.png,5.715989027521573e-05,0.00027302029775455594,5.491120828082785e-05,0.9996503591537476
166.png,6.073654003557749e-05,0.0002460922405589372,0.00015810543845873326,0.9999947547912598
167.png,7.033129077171907e-05,2.149914507754147e-06,2.355886135774199e-05,0.9975088834762573
168.png,8.119100675685331e-05,2.395213596173562e-05,1.4913670383975841e-05,0.649810791015625
169.png,7.861640915507451e-05,0.14132291078567505,1.847748353611678e-05,0.9999943971633911
170.png,1.0644845133356284e-05,0.0002983493322972208,1.1403471035009716e-05,0.9995958209037781
171.png,1.0559539987298194e-05,0.049852557480335236,0.00022501801140606403,0.9999924898147583
172.png,8.444338163826615e-06,0.21717685461044312,2.296764068887569e-05,0.9999842643737793
173.png,7.998611181392334e-06,0.013097330927848816,2.003552253881935e-05,0.9998888969421387
174.png,7.54068823880516e-05,0.0005357820773497224,0.0003894983674399555,0.9921850562095642
175.png,6.854008825030178e-05,0.00020532499183900654,0.0005778666818514466,0.9998018145561218
176.png,3.7501699807762634e-06,0.00011026755237253383,5.7499446484143846e-06,0.9999905824661255
177.png,1.4843192730040755e-05,0.011176223866641521,0.00012758011871483177,0.9999958276748657
178.png,6.877815758343786e-05,0.0006633299053646624,1.9621757019194774e-05,0.9999198913574219
179.png,4.507781341089867e-05,4.0153332747649984e-07,4.428837200975977e-05,0.9488903284072876
180.png,3.238808494643308e-05,2.4052900698734447e-05,9.833082731347531e-05,0.9997087121009827
181.png,1.335688830295112e-05,2.281809429405257e-06,0.0001745741319609806,0.03129369020462036
182.png,1.5478808563784696e-05,0.0015064477920532227,1.502787199569866e-05,0.9999890327453613
183.png,3.161402219120646e-06,0.000112689878733363,4.383215491543524e-05,0.9999548196792603
184.png,4.368602094473317e-05,0.0005824843537993729,1.1461901522125117e-05,0.9984763264656067
185.png,2.1060501239844598e-05,0.03205304592847824,2.9080558306304738e-05,0.9999512434005737
186.png,1.9715356756933033e-05,0.0008367961854673922,0.00019031838746741414,0.9999748468399048
187.png,1.0643302630342077e-05,0.001509514870122075,6.660712097072974e-05,0.9998831748962402
188.png,1.2865379176218994e-05,0.0013251877389848232,4.48214377684053e-05,0.9999505281448364
189.png,4.584610451274784e-06,0.002117143478244543,7.99509507487528e-05,0.9955130219459534
190.png,5.568378765019588e-05,0.003360220231115818,9.181458881357685e-05,0.9998536109924316
191.png,8.989504749479238e-06,0.0001785501226549968,9.39538876991719e-05,0.9982134103775024
192.png,3.851151996059343e-05,0.00032426021061837673,2.7254118322161958e-05,0.9999769926071167
193.png,5.749605770688504e-05,0.0030581627506762743,0.0015141023322939873,0.9999808073043823
194.png,1.302839518757537e-05,0.0020916396751999855,0.00015473282837774605,0.9999903440475464
195.png,1.5495676052523777e-05,0.004568661097437143,0.00011786951654357836,0.999993085861206
196.png,3.090974860242568e-05,0.0014140071580186486,0.00036399494274519384,0.9999861717224121
197.png,1.9776196495513432e-05,2.99695511785103e-06,4.8288507969118655e-05,0.9967705011367798
198.png,1.2574563697853591e-05,0.023485710844397545,0.0008255564025603235,0.9999721050262451
199.png,3.0035134841455147e-05,0.004462122917175293,6.726213177898899e-05,0.9999407529830933
