image,set,mean_eligible,K,fallback,capacity_bpp
000.png,ft,19.55968688845401,28,False,0.452239990234375
000.png,base,2.659491193737769,3,False,0.0623779296875
001.png,ft,16.87866927592955,24,False,0.389862060546875
001.png,base,0.34442270058708413,24,True,0.389862060546875
002.png,ft,19.773972602739725,28,False,0.452239990234375
002.png,base,3.2847358121330723,4,False,0.077972412109375
003.png,ft,16.46086105675147,24,False,0.389862060546875
003.png,base,2.672211350293542,3,False,0.0623779296875
004.png,ft,18.23091976516634,27,False,0.4366455078125
004.png,base,1.4324853228962817,1,False,0.03118896484375
005.png,ft,19.332681017612526,28,False,0.452239990234375
005.png,base,2.62133072407045,3,False,0.0623779296875
006.png,ft,16.459882583170256,24,False,0.389862060546875
006.png,base,0.5107632093933464,24,True,0.389862060546875
007.png,ft,18.509784735812133,27,False,0.4366455078125
007.png,base,0.7475538160469667,24,True,0.389862060546875
008.png,ft,15.86692759295499,22,False,0.358673095703125
008.png,base,2.5694716242661446,3,False,0.0623779296875
009.png,ft,21.208414872798436,31,False,0.4990234375
009.png,base,1.5782778864970646,1,False,0.03118896484375
010.png,ft,16.756360078277886,24,False,0.389862060546875
010.png,base,1.6487279843444227,1,False,0.03118896484375
011.png,ft,20.803326810176124,30,False,0.483428955078125
011.png,base,2.2818003913894325,3,False,0.0623779296875
012.png,ft,15.363013698630137,22,False,0.358673095703125
012.png,base,0.5313111545988258,24,True,0.389862060546875
013.png,ft,17.909980430528375,25,False,0.40545654296875
013.png,base,1.4246575342465753,1,False,0.03118896484375
014.png,ft,17.229941291585128,25,False,0.40545654296875
014.png,base,2.12720156555773,3,False,0.0623779296875
015.png,ft,18.26320939334638,27,False,0.4366455078125
015.png,base,1.4060665362035225,1,False,0.03118896484375
016.png,ft,18.298434442270057,27,False,0.4366455078125
016.png,base,0.5645792563600783,24,True,0.389862060546875
017.png,ft,16.13013698630137,24,False,0.389862060546875
017.png,base,1.3160469667318981,1,False,0.03118896484375
018.png,ft,17.363013698630137,25,False,0.40545654296875
018.png,base,0.8258317025440313,24,True,0.389862060546875
019.png,ft,15.227005870841488,22,False,0.358673095703125
019.png,base,1.6741682974559686,1,False,0.03118896484375
020.png,ft,15.474559686888455,22,False,0.358673095703125
020.png,base,1.4403131115459882,1,False,0.03118896484375
021.png,ft,18.28473581213307,27,False,0.4366455078125
021.png,base,0.5851272015655578,24,True,0.389862060546875
022.png,ft,16.710371819960862,24,False,0.389862060546875
022.png,base,1.720156555772994,1,False,0.03118896484375
023.png,ft,21.010763209393346,31,False,0.4990234375
023.png,base,3.461839530332681,4,False,0.077972412109375
024.png,ft,11.25440313111546,16,False,0.265106201171875
024.png,base,0.033268101761252444,24,True,0.389862060546875
025.png,ft,17.426614481409,25,False,0.40545654296875
025.png,base,0.34833659491193736,24,True,0.389862060546875
026.png,ft,16.16340508806262,24,False,0.389862060546875
026.png,base,0.1360078277886497,24,True,0.389862060546875
027.png,ft,16.224070450097848,24,False,0.389862060546875
027.png,base,0.09393346379647749,24,True,0.389862060546875
028.png,ft,17.5146771037182,25,False,0.40545654296875
028.png,base,0.7553816046966731,24,True,0.389862060546875
029.png,ft,16.771037181996086,24,False,0.389862060546875
029.png,base,2.1379647749510764,3,False,0.0623779296875
030.png,ft,18.58219178082192,27,False,0.4366455078125
030.png,base,4.244618395303327,6,False,0.109161376953125
031.png,ft,15.539138943248533,22,False,0.358673095703125
031.png,base,0.9412915851272016,24,True,0.389862060546875
032.png,ft,17.880626223091976,25,False,0.40545654296875
032.png,base,0.5694716242661448,24,True,0.389862060546875
033.png,ft,13.86986301369863,19,False,0.3118896484375
033.png,base,0.41291585127201563,24,True,0.389862060546875
034.png,ft,17.00587084148728,25,False,0.40545654296875
034.png,base,0.4589041095890411,24,True,0.389862060546875
035.png,ft,17.86692759295499,25,False,0.40545654296875
035.png,base,2.0469667318982387,3,False,0.0623779296875
036.png,ft,20.974559686888455,30,False,0.483428955078125
036.png,base,3.1996086105675148,4,False,0.077972412109375
037.png,ft,17.85812133072407,25,False,0.40545654296875
037.png,base,0.7113502935420744,24,True,0.389862060546875
038.png,ft,17.132093933463796,25,False,0.40545654296875
038.png,base,1.1272015655577299,1,False,0.03118896484375
039.png,ft,16.425636007827787,24,False,0.389862060546875
039.png,base,0.9471624266144814,24,True,0.389862060546875
040.png,ft,16.967710371819962,24,False,0.389862060546875
040.png,base,1.114481409001957,1,False,0.03118896484375
041.png,ft,14.202544031311154,21,False,0.34307861328125
041.png,base,0.6829745596868885,24,True,0.389862060546875
042.png,ft,22.738747553816047,33,False,0.53021240234375
042.png,base,8.400195694716242,12,False,0.202728271484375
043.png,ft,20.376712328767123,30,False,0.483428955078125
043.png,base,11.749510763209393,16,False,0.265106201171875
044.png,ft,19.18884540117417,28,False,0.452239990234375
044.png,base,3.6986301369863015,4,False,0.077972412109375
045.png,ft,16.820939334637966,24,False,0.389862060546875
045.png,base,0.8542074363992173,24,True,0.389862060546875
046.png,ft,12.968688845401173,18,False,0.296295166015625
046.png,base,0.2563600782778865,24,True,0.389862060546875
047.png,ft,21.1692759295499,31,False,0.4990234375
047.png,base,2.050880626223092,3,False,0.0623779296875
048.png,ft,17.818003913894326,25,False,0.40545654296875
048.png,base,0.6389432485322897,24,True,0.389862060546875
049.png,ft,11.182974559686889,16,False,0.265106201171875
049.png,base,0.06360078277886497,24,True,0.389862060546875
050.png,ft,14.764187866927593,21,False,0.34307861328125
050.png,base,0.11643835616438356,24,True,0.389862060546875
051.png,ft,17.386497064579256,25,False,0.40545654296875
051.png,base,0.3913894324853229,24,True,0.389862060546875
052.png,ft,16.44618395303327,24,False,0.389862060546875
052.png,base,0.6839530332681018,24,True,0.389862060546875
053.png,ft,16.673189823874754,24,False,0.389862060546875
053.png,base,2.3424657534246576,3,False,0.0623779296875
054.png,ft,17.897260273972602,25,False,0.40545654296875
054.png,base,1.8816046966731899,1,False,0.03118896484375
055.png,ft,16.86692759295499,24,False,0.389862060546875
055.png,base,0.44422700587084146,24,True,0.389862060546875
056.png,ft,12.352250489236791,18,False,0.296295166015625
056.png,base,0.32289628180039137,24,True,0.389862060546875
057.png,ft,14.016634050880626,21,False,0.34307861328125
057.png,base,0.42661448140900193,24,True,0.389862060546875
058.png,ft,19.10665362035225,28,False,0.452239990234375
058.png,base,1.4540117416829745,1,False,0.03118896484375
059.png,ft,11.817025440313111,16,False,0.265106201171875
059.png,base,0.043052837573385516,24,True,0.389862060546875
060.png,ft,16.97945205479452,24,False,0.389862060546875
060.png,base,1.1311154598825832,1,False,0.03118896484375
061.png,ft,19.788649706457925,28,False,0.452239990234375
061.png,base,7.032289628180039,10,False,0.171539306640625
062.png,ft,14.512720156555773,21,False,0.34307861328125
062.png,base,1.4598825831702544,1,False,0.03118896484375
063.png,ft,15.200587084148728,22,False,0.358673095703125
063.png,base,1.3091976516634052,1,False,0.03118896484375
064.png,ft,18.983365949119374,27,False,0.4366455078125
064.png,base,2.598825831702544,3,False,0.0623779296875
065.png,ft,17.36986301369863,25,False,0.40545654296875
065.png,base,0.8317025440313112,24,True,0.389862060546875
066.png,ft,15.540117416829746,22,False,0.358673095703125
066.png,base,0.7181996086105675,24,True,0.389862060546875
067.png,ft,15.652641878669275,22,False,0.358673095703125
067.png,base,0.815068493150685,24,True,0.389862060546875
068.png,ft,16.681996086105674,24,False,0.389862060546875
068.png,base,0.7270058708414873,24,True,0.389862060546875
069.png,ft,18.22211350293542,27,False,0.4366455078125
069.png,base,4.188845401174168,6,False,0.109161376953125
070.png,ft,20.549902152641877,30,False,0.483428955078125
070.png,base,3.5185909980430528,4,False,0.077972412109375
071.png,ft,19.882583170254403,28,False,0.452239990234375
071.png,base,4.454011741682975,6,False,0.109161376953125
072.png,ft,16.234833659491194,24,False,0.389862060546875
072.png,base,1.2221135029354206,1,False,0.03118896484375
073.png,ft,18.14187866927593,27,False,0.4366455078125
073.png,base,1.9784735812133072,1,False,0.03118896484375
074.png,ft,21.282778864970645,31,False,0.4990234375
074.png,base,6.049902152641879,9,False,0.15594482421875
075.png,ft,18.211350293542075,27,False,0.4366455078125
075.png,base,1.6996086105675148,1,False,0.03118896484375
076.png,ft,17.738747553816047,25,False,0.40545654296875
076.png,base,0.8434442270058709,24,True,0.389862060546875
077.png,ft,20.080234833659492,30,False,0.483428955078125
077.png,base,2.041095890410959,3,False,0.0623779296875
078.png,ft,14.993150684931507,21,False,0.34307861328125
078.png,base,1.4637964774951076,1,False,0.03118896484375
079.png,ft,19.17221135029354,28,False,0.452239990234375
079.png,base,2.224070450097847,3,False,0.0623779296875
080.png,ft,20.13013698630137,30,False,0.483428955078125
080.png,base,3.00880626223092,4,False,0.077972412109375
081.png,ft,19.506849315068493,28,False,0.452239990234375
081.png,base,1.7093933463796478,1,False,0.03118896484375
082.png,ft,11.989236790606654,16,False,0.265106201171875
082.png,base,0.9080234833659491,24,True,0.389862060546875
083.png,ft,15.417808219178083,22,False,0.358673095703125
083.png,base,0.5234833659491194,24,True,0.389862060546875
084.png,ft,12.317025440313111,18,False,0.296295166015625
084.png,base,0.24070450097847357,24,True,0.389862060546875
085.png,ft,17.6839530332681,25,False,0.40545654296875
085.png,base,1.6193737769080234,1,False,0.03118896484375
086.png,ft,12.212328767123287,18,False,0.296295166015625
086.png,base,0.2035225048923679,24,True,0.389862060546875
087.png,ft,18.554794520547944,27,False,0.4366455078125
087.png,base,3.3962818003913893,4,False,0.077972412109375
088.png,ft,17.3307240704501,25,False,0.40545654296875
088.png,base,0.4735812133072407,24,True,0.389862060546875
089.png,ft,16.013698630136986,24,False,0.389862060546875
089.png,base,0.786692759295499,24,True,0.389862060546875
090.png,ft,16.51174168297456,24,False,0.389862060546875
090.png,base,0.7827788649706457,24,True,0.389862060546875
091.png,ft,12.475538160469668,18,False,0.296295166015625
091.png,base,0.3816046966731898,24,True,0.389862060546875
092.png,ft,23.22504892367906,34,False,0.545806884765625
092.png,base,1.990215264187867,1,False,0.03118896484375
093.png,ft,16.382583170254403,24,False,0.389862060546875
093.png,base,0.6135029354207436,24,True,0.389862060546875
094.png,ft,15.282778864970647,22,False,0.358673095703125
094.png,base,0.4755381604696673,24,True,0.389862060546875
095.png,ft,16.859099804305284,24,False,0.389862060546875
095.png,base,2.2935420743639923,3,False,0.0623779296875
096.png,ft,19.837573385518592,28,False,0.452239990234375
096.png,base,1.74853228962818,1,False,0.03118896484375
097.png,ft,19.555772994129157,28,False,0.452239990234375
097.png,base,1.7309197651663406,1,False,0.03118896484375
098.png,ft,19.761252446183953,28,False,0.452239990234375
098.png,base,0.8747553816046967,24,True,0.389862060546875
099.png,ft,15.192759295499021,22,False,0.358673095703125
099.png,base,0.6819960861056752,24,True,0.389862060546875
100.png,ft,20.43248532289628,30,False,0.483428955078125
100.png,base,3.468688845401174,4,False,0.077972412109375
101.png,ft,14.39041095890411,21,False,0.34307861328125
101.png,base,0.30234833659491195,24,True,0.389862060546875
102.png,ft,14.734833659491194,21,False,0.34307861328125
102.png,base,0.6193737769080235,24,True,0.389862060546875
103.png,ft,14.155577299412915,21,False,0.34307861328125
103.png,base,0.2299412915851272,24,True,0.389862060546875
104.png,ft,18.670254403131114,27,False,0.4366455078125
104.png,base,0.21330724070450097,24,True,0.389862060546875
105.png,ft,18.499021526418787,27,False,0.4366455078125
105.png,base,0.31702544031311153,24,True,0.389862060546875
106.png,ft,18.717221135029355,27,False,0.4366455078125
106.png,base,0.6281800391389433,24,True,0.389862060546875
107.png,ft,13.193737769080235,19,False,0.3118896484375
107.png,base,0.009784735812133072,24,True,0.389862060546875
108.png,ft,16.250489236790607,24,False,0.389862060546875
108.png,base,1.2397260273972603,1,False,0.03118896484375
109.png,ft,16.87573385518591,24,False,0.389862060546875
109.png,base,3.2172211350293543,4,False,0.077972412109375
110.png,ft,19.639921722113503,28,False,0.452239990234375
110.png,base,4.286692759295499,6,False,0.109161376953125
111.png,ft,16.4706457925636,24,False,0.389862060546875
111.png,base,2.267123287671233,3,False,0.0623779296875
112.png,ft,13.238747553816047,19,False,0.3118896484375
112.png,base,0.10273972602739725,24,True,0.389862060546875
113.png,ft,18.516634050880626,27,False,0.4366455078125
113.png,base,2.1859099804305284,3,False,0.0623779296875
114.png,ft,21.14481409001957,31,False,0.4990234375
114.png,base,3.6702544031311155,4,False,0.077972412109375
115.png,ft,16.068493150684933,24,False,0.389862060546875
115.png,base,1.9021526418786692,1,False,0.03118896484375
116.png,ft,15.063600782778865,22,False,0.358673095703125
116.png,base,0.8395303326810176,24,True,0.389862060546875
117.png,ft,16.161448140900195,24,False,0.389862060546875
117.png,base,0.23776908023483365,24,True,0.389862060546875
118.png,ft,13.322896281800391,19,False,0.3118896484375
118.png,base,0.3679060665362035,24,True,0.389862060546875
119.png,ft,16.892367906066536,24,False,0.389862060546875
119.png,base,0.16536203522504891,24,True,0.389862060546875
120.png,ft,19.198630136986303,28,False,0.452239990234375
120.png,base,0.7671232876712328,24,True,0.389862060546875
121.png,ft,15.185909980430528,22,False,0.358673095703125
121.png,base,1.4471624266144814,1,False,0.03118896484375
122.png,ft,22.11545988258317,33,False,0.53021240234375
122.png,base,7.854207436399217,10,False,0.171539306640625
123.png,ft,20.522504892367905,30,False,0.483428955078125
123.png,base,2.5939334637964775,3,False,0.0623779296875
124.png,ft,16.71917808219178,24,False,0.389862060546875
124.png,base,2.6516634050880628,3,False,0.0623779296875
125.png,ft,20.468688845401175,30,False,0.483428955078125
125.png,base,5.243639921722114,7,False,0.124755859375
126.png,ft,15.230919765166341,22,False,0.358673095703125
126.png,base,0.5724070450097848,24,True,0.389862060546875
127.png,ft,14.298434442270059,21,False,0.34307861328125
127.png,base,0.8639921722113503,24,True,0.389862060546875
128.png,ft,19.201565557729943,28,False,0.452239990234375
128.png,base,0.9941291585127201,24,True,0.389862060546875
129.png,ft,16.493150684931507,24,False,0.389862060546875
129.png,base,1.7407045009784736,1,False,0.03118896484375
130.png,ft,14.796477495107633,21,False,0.34307861328125
130.png,base,0.09001956947162426,24,True,0.389862060546875
131.png,ft,16.410958904109588,24,False,0.389862060546875
131.png,base,1.7690802348336594,1,False,0.03118896484375
132.png,ft,20.519569471624266,30,False,0.483428955078125
132.png,base,2.636986301369863,3,False,0.0623779296875
133.png,ft,18.815068493150687,27,False,0.4366455078125
133.png,base,3.9383561643835616,4,False,0.077972412109375
134.png,ft,17.664383561643834,25,False,0.40545654296875
134.png,base,1.7720156555772995,1,False,0.03118896484375
135.png,ft,10.924657534246576,15,False,0.24951171875
135.png,base,0.8346379647749511,24,True,0.389862060546875
136.png,ft,18.3160469667319,27,False,0.4366455078125
136.png,base,1.1262230919765166,1,False,0.03118896484375
137.png,ft,15.371819960861057,22,False,0.358673095703125
137.png,base,0.4774951076320939,24,True,0.389862060546875
138.png,ft,15.683953033268102,22,False,0.358673095703125
138.png,base,1.3101761252446185,1,False,0.03118896484375
139.png,ft,12.863013698630137,18,False,0.296295166015625
139.png,base,0.6594911937377691,24,True,0.389862060546875
140.png,ft,16.578277886497066,24,False,0.389862060546875
140.png,base,0.5528375733855186,24,True,0.389862060546875
141.png,ft,14.905088062622308,21,False,0.34307861328125
141.png,base,0.3913894324853229,24,True,0.389862060546875
142.png,ft,15.290606653620353,22,False,0.358673095703125
142.png,base,1.5176125244618395,1,False,0.03118896484375
143.png,ft,15.58904109589041,22,False,0.358673095703125
143.png,base,0.9197651663405088,24,True,0.389862060546875
144.png,ft,21.237769080234834,31,False,0.4990234375
144.png,base,4.736790606653621,6,False,0.109161376953125
145.png,ft,13.672211350293543,19,False,0.3118896484375
145.png,base,0.36203522504892366,24,True,0.389862060546875
146.png,ft,17.0293542074364,25,False,0.40545654296875
146.png,base,0.3287671232876712,24,True,0.389862060546875
147.png,ft,16.077299412915853,24,False,0.389862060546875
147.png,base,1.3620352250489236,1,False,0.03118896484375
148.png,ft,19.687866927592957,28,False,0.452239990234375
148.png,base,0.6076320939334638,24,True,0.389862060546875
149.png,ft,11.391389432485322,16,False,0.265106201171875
149.png,base,0.010763209393346379,24,True,0.389862060546875
150.png,ft,18.52054794520548,27,False,0.4366455078125
150.png,base,1.0342465753424657,1,False,0.03118896484375
151.png,ft,19.105675146771038,28,False,0.452239990234375
151.png,base,3.5371819960861055,4,False,0.077972412109375
152.png,ft,15.593933463796478,22,False,0.358673095703125
152.png,base,1.8424657534246576,1,False,0.03118896484375
153.png,ft,20.455968688845402,30,False,0.483428955078125
153.png,base,3.7504892367906066,4,False,0.077972412109375
154.png,ft,21.323874755381606,31,False,0.4990234375
154.png,base,3.735812133072407,4,False,0.077972412109375
155.png,ft,23.128180039138943,34,False,0.545806884765625
155.png,base,8.357142857142858,12,False,0.202728271484375
156.png,ft,12.542074363992173,18,False,0.296295166015625
156.png,base,0.15557729941291584,24,True,0.389862060546875
157.png,ft,15.89041095890411,22,False,0.358673095703125
157.png,base,2.671232876712329,3,False,0.0623779296875
158.png,ft,15.181017612524462,22,False,0.358673095703125
158.png,base,0.6262230919765166,24,True,0.389862060546875
159.png,ft,20.54500978473581,30,False,0.483428955078125
159.png,base,2.076320939334638,3,False,0.0623779296875
160.png,ft,15.616438356164384,22,False,0.358673095703125
160.png,base,0.2563600782778865,24,True,0.389862060546875
161.png,ft,13.409001956947163,19,False,0.3118896484375
161.png,base,0.9960861056751468,24,True,0.389862060546875
162.png,ft,10.460861056751467,15,False,0.24951171875
162.png,base,0.2035225048923679,24,True,0.389862060546875
163.png,ft,18.285714285714285,27,False,0.4366455078125
163.png,base,3.2436399217221137,4,False,0.077972412109375
164.png,ft,17.78082191780822,25,False,0.40545654296875
164.png,base,2.1614481409001955,3,False,0.0623779296875
165.png,ft,14.943248532289628,21,False,0.34307861328125
165.png,base,0.2465753424657534,24,True,0.389862060546875
166.png,ft,18.15753424657534,27,False,0.4366455078125
166.png,base,0.41193737769080235,24,True,0.389862060546875
167.png,ft,18.198630136986303,27,False,0.4366455078125
167.png,base,1.8874755381604698,1,False,0.03118896484375
168.png,ft,21.812133072407043,31,False,0.4990234375
168.png,base,2.5655577299412915,3,False,0.0623779296875
169.png,ft,16.596868884540118,24,False,0.389862060546875
169.png,base,0.8052837573385518,24,True,0.389862060546875
170.png,ft,13.409001956947163,19,False,0.3118896484375
170.png,base,0.4178082191780822,24,True,0.389862060546875
171.png,ft,10.86399217221135,15,False,0.24951171875
171.png,base,0.5068493150684932,24,True,0.389862060546875
172.png,ft,7.841487279843444,10,False,0.171539306640625
172.png,base,0.01761252446183953,24,True,0.389862060546875
173.png,ft,16.13600782778865,24,False,0.389862060546875
173.png,base,1.2818003913894325,1,False,0.03118896484375
174.png,ft,18.955968688845402,27,False,0.4366455078125
174.png,base,5.900195694716243,7,False,0.124755859375
175.png,ft,20.82191780821918,30,False,0.483428955078125
175.png,base,4.9628180039138945,6,False,0.109161376953125
176.png,ft,11.203522504892367,16,False,0.265106201171875
176.png,base,0.2025440313111546,24,True,0.389862060546875
177.png,ft,11.756360078277886,16,False,0.265106201171875
177.png,base,0.16731898238747553,24,True,0.389862060546875
178.png,ft,21.20645792563601,31,False,0.4990234375
178.png,base,3.959882583170254,4,False,0.077972412109375
179.png,ft,16.926614481409,24,False,0.389862060546875
179.png,base,1.015655577299413,1,False,0.03118896484375
180.png,ft,14.559686888454012,21,False,0.34307861328125
180.png,base,1.3199608610567515,1,False,0.03118896484375
181.png,ft,24.57925636007828,36,False,0.576995849609375
181.png,base,10.796477495107633,15,False,0.24951171875
182.png,ft,13.971624266144815,19,False,0.3118896484375
182.png,base,0.2054794520547945,24,True,0.389862060546875
183.png,ft,15.732876712328768,22,False,0.358673095703125
183.png,base,0.9315068493150684,24,True,0.389862060546875
184.png,ft,20.07925636007828,30,False,0.483428955078125
184.png,base,1.1771037181996087,1,False,0.03118896484375
185.png,ft,16.04794520547945,24,False,0.389862060546875
185.png,base,0.7984344422700587,24,True,0.389862060546875
186.png,ft,15.047945205479452,22,False,0.358673095703125
186.png,base,0.23972602739726026,24,True,0.389862060546875
187.png,ft,14.41095890410959,21,False,0.34307861328125
187.png,base,1.1164383561643836,1,False,0.03118896484375
188.png,ft,18.363013698630137,27,False,0.4366455078125
188.png,base,1.9696673189823874,1,False,0.03118896484375
189.png,ft,11.446183953033268,16,False,0.265106201171875
189.png,base,0.8277886497064579,24,True,0.389862060546875
190.png,ft,18.605675146771038,27,False,0.4366455078125
190.png,base,0.8884540117416829,24,True,0.389862060546875
191.png,ft,13.930528375733855,19,False,0.3118896484375
191.png,base,0.5342465753424658,24,True,0.389862060546875
192.png,ft,18.941291585127203,27,False,0.4366455078125
192.png,base,2.2534246575342465,3,False,0.0623779296875
193.png,ft,20.64187866927593,30,False,0.483428955078125
193.png,base,1.2064579256360077,1,False,0.03118896484375
194.png,ft,14.937377690802348,21,False,0.34307861328125
194.png,base,0.4354207436399217,24,True,0.389862060546875
195.png,ft,15.072407045009784,22,False,0.358673095703125
195.png,base,0.1379647749510763,24,True,0.389862060546875
196.png,ft,14.2866927592955,21,False,0.34307861328125
196.png,base,0.5841487279843445,24,True,0.389862060546875
197.png,ft,17.741682974559687,25,False,0.40545654296875
197.png,base,3.4667318982387476,4,False,0.077972412109375
198.png,ft,13.184931506849315,19,False,0.3118896484375
198.png,base,0.3101761252446184,24,True,0.389862060546875
199.png,ft,18.01174168297456,27,False,0.4366455078125
199.png,base,1.5890410958904109,1,False,0.03118896484375
