image,set,target_bpp,K,n_bits,bpp,embed_s,fix_passes,error,exact,psnr_luma,ssim_luma,psnr_color,ssim_color
179.png,ft,0.5999511254802319,38,39312,0.599853515625,78.30860429999996,10,,True,30.396908578314758,0.9922875274621703,29.66154365726481,0.9903149540118105
179.png,base,0.5999511254802319,38,39312,0.599853515625,69.08888090000005,8,,True,31.45136589088631,0.9229050993683394,30.727536584395967,0.9146953954627169
058.png,ft,0.5983196991991457,38,39208,0.5982666015625,46.450051099999996,10,,True,30.618849695255083,0.9845982631243569,30.13464588082233,0.9823364208081692
058.png,base,0.5983196991991457,38,39208,0.5982666015625,15.302049600000032,8,,True,32.63109316170604,0.8510025089271056,32.47953830198486,0.8452380819636365
136.png,ft,0.5962208774327751,38,39072,0.59619140625,128.11119150000002,11,,True,30.69008924850722,0.9917772976767861,29.408447515728238,0.9879417662222219
136.png,base,0.5962208774327751,38,39072,0.59619140625,14.523594900000035,7,,True,32.59290785971198,0.9544125439728927,32.465639176283936,0.9563776701739298
181.png,ft,0.5946164520471848,38,38968,0.5946044921875,39.562819200000035,10,,True,31.056258444641944,0.9959664776310001,30.649080728156378,0.995092965880236
181.png,base,0.5946164520471848,38,38968,0.5946044921875,70.87897190000001,11,,True,29.941028846315184,0.943965411103341,29.032567737218194,0.9269272083960836
117.png,ft,0.5930589652165625,38,38864,0.593017578125,142.17479709999998,13,,True,30.439736912274427,0.9837681182300305,29.154304817853237,0.9798316545658796
117.png,base,0.5930589652165625,38,38864,0.593017578125,86.97303609999994,7,,True,32.06018870123931,0.9123591794892262,30.69492301600887,0.8738917384267713
071.png,ft,0.5911044439314603,37,38736,0.591064453125,164.48134249999998,12,,True,30.842358530842073,0.9948090577858955,29.514406387669354,0.9914691404437491
071.png,base,0.5911044439314603,37,38736,0.591064453125,32.179306699999984,10,,True,30.48103431431381,0.9335160195805035,30.245712565451726,0.9331766494991482
063.png,ft,0.5902031660954976,37,38680,0.5902099609375,139.2148312999999,12,,True,30.05959881555888,0.9609004584077772,28.593680004396113,0.9550400089257653
063.png,base,0.5902031660954976,37,38680,0.5902099609375,247.53654660000007,12,,True,29.483273781733644,0.80712571597855,26.023494762323423,0.7813002968959379
064.png,ft,0.5893458263698897,37,38616,0.5892333984375,31.97372610000002,9,,True,30.45547100675991,0.9875613262892445,30.170983556729183,0.986683841442141
064.png,base,0.5893458263698897,37,38616,0.5892333984375,11.984654100000057,10,,True,30.857969805862254,0.9069368201639564,30.812441833763167,0.9068311699734126
015.png,ft,0.5874179598747491,37,38496,0.58740234375,31.846515899999986,11,,True,30.523232835408397,0.9885646496208366,30.24029679154345,0.987342545402598
015.png,base,0.5874179598747491,37,38496,0.58740234375,32.36125500000003,9,,True,32.19646939993406,0.8692106129486149,31.77022751823189,0.8661800365750132
052.png,ft,0.5872807595436105,37,38488,0.5872802734375,33.88440949999995,10,,True,30.414043745868202,0.9811887679608197,30.094346166618912,0.9802481815393534
052.png,base,0.5872807595436105,37,38488,0.5872802734375,21.50338099999999,9,,True,32.25066791452014,0.8467970526287355,31.839557250089197,0.8328647625695602
078.png,ft,0.5860642630783393,37,38408,0.5860595703125,38.73143849999997,13,,True,30.16518582781703,0.9767392215644685,29.787278193674467,0.9742949077506582
078.png,base,0.5860642630783393,37,38408,0.5860595703125,49.109131899999966,12,,True,30.463506319491596,0.8695557374537894,30.00538502197772,0.8618002644369326
167.png,ft,0.5847182864388083,37,38320,0.584716796875,253.8030685000001,7,,True,30.749240898554902,0.9847683864883282,28.31832425522501,0.9763931769892231
167.png,base,0.5847182864388083,37,38320,0.584716796875,338.2571343999998,10,,True,32.2456656512557,0.9133233324680464,26.10623754421393,0.8851611569969856
070.png,ft,0.5836765955004191,37,38248,0.5836181640625,24.37462770000002,11,,True,30.643642854192933,0.9892883255479323,30.42087786305167,0.9884946407094201
070.png,base,0.5836765955004191,37,38248,0.5836181640625,62.44769059999999,13,,True,28.857505438795,0.8221857322929904,28.450720465161208,0.8178457057742635
197.png,ft,0.5798100609431768,37,37992,0.5797119140625,75.99785659999998,8,,True,30.70747238916004,0.9936834388594104,29.9175982906132,0.9907016766905409
197.png,base,0.5798100609431768,37,37992,0.5797119140625,52.72460769999998,6,,True,30.881324530160924,0.9691307850215967,30.43013342828006,0.9614193093369403
069.png,ft,0.5764502254315828,36,37776,0.576416015625,135.2964217,11,,True,30.732988093624126,0.988776461285733,29.575717601604644,0.9853353005126427
069.png,base,0.5764502254315828,36,37776,0.576416015625,153.90777130000015,10,,True,29.768113690177156,0.8808793181684951,28.428228966220217,0.8699392100388027
041.png,ft,0.5759820316878734,36,37744,0.575927734375,88.58368529999996,9,,True,30.551060532585048,0.9925549521678847,29.746413974180005,0.9880519661791235
041.png,base,0.5759820316878734,36,37744,0.575927734375,78.55356770000003,10,,True,30.165924811712298,0.89934973789088,29.451091142754752,0.8787202356488675
163.png,ft,0.5744300356098673,36,37640,0.5743408203125,216.91303529999993,9,,True,30.940237685760444,0.9899431775481533,29.580486337314902,0.9848345232878164
163.png,base,0.5744300356098673,36,37640,0.5743408203125,112.1923855,8,,True,30.696924316599578,0.9348186329170448,29.79829976449342,0.9251249213811062
068.png,ft,0.5740792107090974,36,37616,0.573974609375,363.73047689999987,11,,True,30.843293997775696,0.9928087700912844,27.684136530602203,0.98278417263767
068.png,base,0.5740792107090974,36,37616,0.573974609375,361.40635109999994,8,,True,31.048118132563477,0.9306261296453765,26.62042501660253,0.9037682573514382
126.png,ft,0.5730746851691099,36,37552,0.572998046875,61.24124849999998,9,,True,30.431569821319528,0.9798954258460586,29.90817254423189,0.9781387438575497
126.png,base,0.5730746851691099,36,37552,0.572998046875,290.72569539999995,10,,True,30.26025013210614,0.8477750079267504,26.390287853171554,0.7840176253308395
009.png,ft,0.5694616604798397,36,37320,0.5694580078125,155.53443549999986,10,,True,31.241019378809774,0.995686883795653,30.14656926510554,0.9937368509909102
009.png,base,0.5694616604798397,36,37320,0.5694580078125,120.50555400000007,8,,True,30.836132170674126,0.9082307732809444,29.72273577785396,0.8824866645984512
013.png,ft,0.5685341018411053,36,37256,0.5684814453125,196.10567079999998,9,,True,30.95329784971615,0.9901949455136301,29.769984519980888,0.9877649595523489
013.png,base,0.5685341018411053,36,37256,0.5684814453125,197.43256339999994,7,,True,30.84644959107481,0.8897882378082639,29.614207623440116,0.882493840272114
035.png,ft,0.5678104521506917,36,37208,0.5677490234375,190.37061959999994,10,,True,30.91113873888161,0.9806466783280031,29.678329909024114,0.9774500605428488
035.png,base,0.5678104521506917,36,37208,0.5677490234375,125.2520691000002,9,,True,31.518158372461787,0.8899309978763454,30.003811538850464,0.8774792886700755
144.png,ft,0.5674459772795188,36,37184,0.5673828125,58.04939559999991,7,,True,31.263191547067144,0.9954263419677077,30.77859792500191,0.9941392993795036
144.png,base,0.5674459772795188,36,37184,0.5673828125,42.41968339999994,10,,True,31.119909816627004,0.9547677647474867,30.597974469589097,0.9460903855086699
024.png,ft,0.5666678633593886,36,37136,0.566650390625,159.61665519999997,8,,True,30.334314967682054,0.9857876914535472,28.7446667446328,0.9812999630201472
024.png,base,0.5666678633593886,36,37136,0.566650390625,31.607608300000038,8,,True,30.10439505134494,0.738604364189977,29.868148073413128,0.7330892999682949
155.png,ft,0.5605923980754208,35,36736,0.560546875,107.85320530000013,8,,True,31.455396294587942,0.992121373405652,30.329658346244482,0.9881600205187664
155.png,base,0.5605923980754208,35,36736,0.560546875,257.81698129999995,8,,True,30.393792025761428,0.9210683418755955,27.273865278153707,0.8885740890194113
160.png,ft,0.558048619412479,35,36568,0.5579833984375,99.78791679999995,12,,True,30.80267841478949,0.9844145567147884,29.817225285242266,0.981761506532013
160.png,base,0.558048619412479,35,36568,0.5579833984375,96.9000074999999,9,,True,31.11736243068357,0.8714699990369266,29.711172012112886,0.8705526487177445
040.png,ft,0.5579224359477886,35,36560,0.557861328125,99.32481419999999,10,,True,30.814076806150293,0.9871218638278535,30.129437116998062,0.9850031669039131
040.png,base,0.5579224359477886,35,36560,0.557861328125,238.19563119999998,12,,True,30.013373447414473,0.9230708599251208,27.359210329140605,0.8868424270681947
027.png,ft,0.5550328828040052,35,36368,0.554931640625,158.13361179999993,11,,True,30.99204838894137,0.994803570525482,29.277430256132835,0.9888483868106491
027.png,base,0.5550328828040052,35,36368,0.554931640625,17.54163460000018,2,,True,32.480347662703466,0.8585693912373876,31.259943470309047,0.8306817307246538
025.png,ft,0.5524116335352711,35,36200,0.5523681640625,204.65948989999993,10,,True,31.087166336462477,0.9879400249054325,28.923358069949305,0.9817264858592267
025.png,base,0.5524116335352711,35,36200,0.5523681640625,160.49783690000004,8,,True,32.41781376371376,0.9484301123941766,28.255488028377766,0.9061983050745458
014.png,ft,0.5509809274651731,35,36104,0.5509033203125,76.02185650000001,12,,True,31.020594094195264,0.9763607797175001,30.31043720941568,0.9726262919803105
014.png,base,0.5509809274651731,35,36104,0.5509033203125,47.30069759999992,14,,True,29.948820429014404,0.7014364568189538,29.374607430203387,0.6814815620405045
039.png,ft,0.5485897774684194,35,35952,0.548583984375,107.61197309999989,10,,True,31.271115938897168,0.9773289328030278,30.10188656156911,0.9728813229436862
039.png,base,0.5485897774684194,35,35952,0.548583984375,76.4177224,8,,True,31.816158139027465,0.8887481941347998,30.564602609328873,0.8349555467700144
168.png,ft,0.545889258979669,35,35768,0.5457763671875,75.87084559999994,9,,True,31.521205262130657,0.983687455508066,30.744264476983837,0.9790541707841903
168.png,base,0.545889258979669,35,35768,0.5457763671875,22.027417800000194,11,,True,31.076432696639532,0.8650681544271805,30.900125824639474,0.8552777983052083
115.png,ft,0.5414807600423748,34,35480,0.5413818359375,117.48885539999992,9,,True,31.091465921052496,0.9829807132060119,29.781921642753485,0.9759764327564792
115.png,base,0.5414807600423748,34,35480,0.5413818359375,106.60629719999997,8,,True,30.899435440396196,0.8613780554262725,30.16144554846697,0.8538450484509132
031.png,ft,0.5414148395482622,34,35480,0.5413818359375,59.28374450000001,8,,True,30.958244470003656,0.9894304228830318,30.36872566898863,0.9870160788481618
031.png,base,0.5414148395482622,34,35480,0.5413818359375,497.88785099999996,9,,True,30.092686682316668,0.9184856614219145,25.334752482246465,0.870785407304251
043.png,ft,0.5401513079361349,34,35392,0.5400390625,96.14792669999997,10,,True,31.369814783036766,0.9884740242413642,30.197319029078344,0.9813598438300887
043.png,base,0.5401513079361349,34,35392,0.5400390625,69.61797009999987,14,,True,30.857514121337267,0.9313520781909571,30.17137826300257,0.9086381356057386
066.png,ft,0.5383751020380074,34,35280,0.538330078125,84.33359180000002,8,,True,31.197971786223597,0.9747229507505821,30.128534955515853,0.971764443150032
066.png,base,0.5383751020380074,34,35280,0.538330078125,164.40790819999984,10,,True,31.298756827095787,0.7840426353858275,29.852923348159702,0.7801994800210319
143.png,ft,0.5375701245487576,34,35224,0.5374755859375,24.322644999999966,8,,True,31.06640159919172,0.9945975209996923,30.79546120850283,0.9941304969236483
143.png,base,0.5375701245487576,34,35224,0.5374755859375,186.81898969999997,8,,True,31.582119497770847,0.9374049270358014,29.722396061416067,0.9223752123139461
180.png,ft,0.5368993809368139,34,35184,0.536865234375,588.1610775999998,13,,True,31.317420792116405,0.9825978313344743,25.56669476720468,0.9609568085187549
180.png,base,0.5368993809368139,34,35184,0.536865234375,401.9122886,9,,True,32.316247995056706,0.902687861557076,25.1602578040022,0.8483330598739753
048.png,ft,0.5346162373400447,34,35032,0.5345458984375,108.78919510000014,9,,True,31.341357136309632,0.9882081834230676,29.621876360221243,0.981567807486177
048.png,base,0.5346162373400447,34,35032,0.5345458984375,33.72923190000006,7,,True,32.69575960789866,0.9164834916485243,32.069184794718836,0.8626315702846982
088.png,ft,0.5318679880883048,34,34856,0.5318603515625,159.52794229999995,10,,True,31.408000925342968,0.9859451378263278,28.913944673798024,0.9784822759609559
088.png,base,0.5318679880883048,34,34856,0.5318603515625,137.99376499999994,5,,True,31.402032131337187,0.956030846979306,28.816078297131916,0.9365249804341871
153.png,ft,0.5316404247220663,34,34840,0.5316162109375,61.169141699999955,3,,True,31.679022725629874,0.9961801577443495,30.967765784470885,0.994036909739673
153.png,base,0.5316404247220663,34,34840,0.5316162109375,25.958595999999943,8,,True,31.696826602448162,0.9771906047489639,31.31722065663304,0.9707156312388271
191.png,ft,0.5311699828884743,34,34808,0.5311279296875,144.0829001000002,11,,True,31.12953268222067,0.9650017836849737,29.136378566599227,0.9598444719880125
191.png,base,0.5311699828884743,34,34808,0.5311279296875,71.18823909999992,6,,True,34.43266350557613,0.8350353976379598,31.360612063700177,0.8078441781536122
120.png,ft,0.5303546583912487,34,34752,0.5302734375,181.23066710000012,6,,True,31.784476114998267,0.996321721279196,30.15012830341892,0.9937526163451421
120.png,base,0.5303546583912487,34,34752,0.5302734375,15.177936400000135,9,,True,32.361130265303494,0.9077579759740876,32.1191524725356,0.9111417078251804
145.png,ft,0.5302263526875455,34,34744,0.5301513671875,79.0481933000001,9,,True,31.049065254833472,0.9511686803977774,30.16324297778774,0.9457195458813309
145.png,base,0.5302263526875455,34,34744,0.5301513671875,31.25052370000003,9,,True,31.04250192124794,0.7154606423830863,30.747714485553367,0.7003886101009523
042.png,ft,0.5251815518576569,33,34416,0.525146484375,66.00159860000008,8,,True,31.7998455336684,0.9911153039802035,31.00861178421296,0.9888844052589921
042.png,base,0.5251815518576569,33,34416,0.525146484375,41.30560769999988,11,,True,30.460802810286303,0.9061151956003277,29.962641739120606,0.8998887157371734
166.png,ft,0.524930388011786,33,34400,0.52490234375,86.5834648,9,,True,31.46792437171682,0.9895912603712769,30.2900505624717,0.9860172700372609
166.png,base,0.524930388011786,33,34400,0.52490234375,295.9553607,9,,True,30.490702839988685,0.7818444367174969,27.166506062545817,0.7436150912944326
156.png,ft,0.5238891204940228,33,34328,0.5238037109375,153.81674070000008,7,,True,31.37923958230422,0.9862426833035347,29.393392180916948,0.9801241220040585
156.png,base,0.5238891204940228,33,34328,0.5238037109375,25.789958699999943,7,,True,33.114577047629886,0.9338084086320114,32.713759238445924,0.8669406440085649
172.png,ft,0.5216742987223384,33,34184,0.5216064453125,168.83786929999997,6,,True,31.414913731983884,0.9877884327563883,28.779344294103417,0.9794569577090476
172.png,base,0.5216742987223384,33,34184,0.5216064453125,99.66221660000019,5,,True,33.29147867174848,0.8900098333897283,31.054373393052813,0.8669036974212087
164.png,ft,0.52144195808455,33,34168,0.5213623046875,37.44578579999984,12,,True,31.632061238535858,0.9897262220331657,31.083687963391302,0.9873784772550261
164.png,base,0.52144195808455,33,34168,0.5213623046875,23.863829299999907,10,,True,30.299936712912213,0.7938146580379062,30.057649606875355,0.7904126383218344
146.png,ft,0.5197296125124383,33,34056,0.5196533203125,131.33211819999997,8,,True,31.62063918280929,0.9927305233846789,30.436838159714632,0.9911092921936454
146.png,base,0.5197296125124383,33,34056,0.5196533203125,171.77412879999997,7,,True,31.586997142563607,0.9446818995335491,30.347007297494137,0.941436808525754
147.png,ft,0.5196391715126005,33,34048,0.51953125,39.1554606000002,7,,True,31.328049494270978,0.9861649948011123,30.858157722396587,0.9837302148967307
147.png,base,0.5196391715126005,33,34048,0.51953125,81.47509009999999,13,,True,31.456380965093075,0.9002742487529297,30.5809898879949,0.8950380003514278
113.png,ft,0.5172833270663817,33,33896,0.5172119140625,14.431111500000043,10,,True,31.685710912010542,0.9902898582978233,31.545143173080923,0.98979925224389
113.png,base,0.5172833270663817,33,33896,0.5172119140625,7.622334899999942,10,,True,31.997116378686684,0.8042147885200267,31.96907729046851,0.8071965232252586
046.png,ft,0.5165359736721598,33,33848,0.5164794921875,19.0936729,6,,True,31.60810022332441,0.9953660321813016,31.270033578009645,0.9943692553939592
046.png,base,0.5165359736721598,33,33848,0.5164794921875,7.184380600000168,9,,True,34.16047050118898,0.901712563749735,34.08572558472591,0.9019597078622605
072.png,ft,0.5125714911021305,32,33592,0.5125732421875,61.368436499999916,7,,True,31.735945707585177,0.9937746865923162,30.920656747381404,0.991787599317493
072.png,base,0.5125714911021305,32,33592,0.5125732421875,26.28444689999992,8,,True,31.7139052419299,0.9111619262453318,31.33982932169713,0.8959755746730668
119.png,ft,0.5098260310078413,32,33408,0.509765625,91.53179939999995,8,,True,31.823943498576526,0.9940690981545066,30.885902773174237,0.9924645898868838
119.png,base,0.5098260310078413,32,33408,0.509765625,15.791199199999937,8,,True,31.87447240568868,0.8400707815308648,31.708114283274416,0.8378835058106718
059.png,ft,0.5095286547383342,32,33392,0.509521484375,274.06547439999986,8,,True,31.636028263501423,0.9912162250248718,28.679043604339043,0.9850930878662546
059.png,base,0.5095286547383342,32,33392,0.509521484375,9.090017199999693,5,,True,33.20663721685826,0.8355123460708637,33.021942722021095,0.8416452028700356
103.png,ft,0.5082734889947489,32,33304,0.5081787109375,67.9093582999999,6,,True,31.671402799130508,0.987367316752724,30.740981185474205,0.9837846126710023
103.png,base,0.5082734889947489,32,33304,0.5081787109375,26.62739179999994,4,,True,31.785155518639932,0.8081346679887722,31.524471919337866,0.8017420865588379
091.png,ft,0.5065071183051577,32,33192,0.5064697265625,86.68392199999994,10,,True,31.532616452669803,0.9851278306049766,30.617880661339598,0.9827940009300654
091.png,base,0.5065071183051577,32,33192,0.5064697265625,15.13244510000004,2,,True,31.964512796308068,0.8287835974392748,31.81925470159344,0.8289782778478333
021.png,ft,0.5055345047134949,32,33128,0.5054931640625,26.41576740000005,7,,True,31.916350949842347,0.9926781630696507,31.575530245098715,0.9918731296570246
021.png,base,0.5055345047134949,32,33128,0.5054931640625,18.89775080000004,9,,True,31.948362187703083,0.8982885229511375,31.513569178120978,0.8816511406491426
111.png,ft,0.5032524246483152,32,32976,0.503173828125,49.40014190000011,7,,True,31.913327422794527,0.9912160728989037,31.157410021936197,0.9879452441355075
111.png,base,0.5032524246483152,32,32976,0.503173828125,24.198216900000034,7,,True,31.096966109346997,0.8402322525363647,30.518754764846683,0.8076706823434318
001.png,ft,0.5025985691088914,32,32936,0.5025634765625,47.47335440000006,8,,True,32.00971346299277,0.9942365828032494,31.45891325363624,0.9932295539644193
001.png,base,0.5025985691088914,32,32936,0.5025634765625,8.192839400000139,3,,True,32.64613265122265,0.847248589916291,32.573335173738876,0.8519037649340838
150.png,ft,0.5022334121646038,32,32912,0.502197265625,51.37596389999999,7,,True,31.9951976146471,0.9928070196573825,31.270604309973198,0.9905465049538115
150.png,base,0.5022334121646038,32,32912,0.502197265625,50.4317759999999,8,,True,31.56438720409209,0.8646326177000723,30.9038445867509,0.8650183134626551
090.png,ft,0.5017063384880444,32,32880,0.501708984375,102.0096822999999,6,,True,32.04012214220804,0.994622710140002,30.35110722988369,0.9890443792383216
090.png,base,0.5017063384880444,32,32880,0.501708984375,92.44662960000005,8,,True,31.89068080373317,0.9374848586499417,30.05657190929594,0.9099890093373162
085.png,ft,0.4999996938857579,32,32768,0.5,37.21901179999986,7,,True,32.046856754671836,0.9929861558574203,31.548685555878052,0.9917999633371745
085.png,base,0.4999996938857579,32,32768,0.5,58.39024790000008,7,,True,32.755114277972154,0.9609645037628277,31.913050885972606,0.9458683585816399
138.png,ft,0.49958114402964804,32,32736,0.49951171875,190.5504916000002,6,,True,32.020637958059616,0.9896217427549239,29.465856116597465,0.9840576571967516
138.png,base,0.49958114402964804,32,32736,0.49951171875,108.19089000000031,5,,True,33.94461806890163,0.9476351558141198,30.82769665668681,0.9171322562162758
132.png,ft,0.49823447329943443,31,32648,0.4981689453125,29.363232400000015,11,,True,32.37396599323936,0.995913693048709,31.88473489272659,0.9947124937494544
132.png,base,0.49823447329943443,31,32648,0.4981689453125,13.515141600000106,10,,True,32.20049670071604,0.9152971494000885,32.0595085497247,0.9160494015591473
081.png,ft,0.49795279951899163,31,32632,0.4979248046875,115.1605603999999,15,,True,32.17307952904497,0.9830953381242108,30.474756691347764,0.980111370499657
081.png,base,0.49795279951899163,31,32632,0.4979248046875,203.6985092,9,,True,32.192412062945436,0.9517680260167576,29.053310222767934,0.9335638222939812
169.png,ft,0.4967787240272945,31,32552,0.4967041015625,261.79904209999995,13,,True,32.130376087529385,0.9875691592137255,29.602966392854476,0.9832155110767834
169.png,base,0.4967787240272945,31,32552,0.4967041015625,148.74224700000013,9,,True,32.07239055386502,0.9534202739889592,29.4088723455041,0.9029449026536275
067.png,ft,0.49674477799056327,31,32552,0.4967041015625,86.09623639999973,7,,True,32.00579609588475,0.9941199852622533,30.71566615480579,0.9908689173819748
067.png,base,0.49674477799056327,31,32552,0.4967041015625,78.91105149999976,8,,True,32.036683818500165,0.9498708017677294,29.266676726518334,0.9270926044325042
076.png,ft,0.4942630705153319,31,32392,0.4942626953125,73.82485670000028,9,,True,32.23506963972998,0.9938420275147719,31.301243751646485,0.9922448105699969
076.png,base,0.4942630705153319,31,32392,0.4942626953125,206.16925949999995,8,,True,31.334377422245183,0.9045878391125123,28.71226556832493,0.8923090378232704
174.png,ft,0.49319556843657764,31,32320,0.4931640625,79.16453200000001,6,,True,32.34529878757741,0.994803939587423,30.954634596080442,0.9913170252567517
174.png,base,0.49319556843657764,31,32320,0.4931640625,88.66724410000006,10,,True,31.540582059100288,0.9253109570724773,30.459734717343668,0.9148127286624513
010.png,ft,0.4927295896949724,31,32288,0.49267578125,52.76574720000008,6,,True,32.31194014901652,0.9837732876718362,31.394337487318353,0.9808111918007515
010.png,base,0.4927295896949724,31,32288,0.49267578125,21.069233000000168,7,,True,33.350654072488524,0.8969593525270356,32.87745192323354,0.8825532285676999
112.png,ft,0.4923871875922099,31,32264,0.4923095703125,71.24534870000025,9,,True,31.826245827566424,0.9795787103816525,30.968428057479013,0.9772108973949715
112.png,base,0.4923871875922099,31,32264,0.4923095703125,136.38631159999977,11,,True,32.39765378755749,0.8331775578796887,30.494912971923966,0.7955429698779389
178.png,ft,0.4898776232485333,31,32104,0.4898681640625,182.38862659999995,6,,True,32.661028802555734,0.9925737513474228,29.642176181140705,0.9831107350208762
178.png,base,0.4898776232485333,31,32104,0.4898681640625,109.3891266999999,7,,True,31.7737948698203,0.9714369324490004,27.894653892574794,0.9427769828192495
029.png,ft,0.4896978589557083,31,32088,0.4896240234375,40.30847380000023,7,,True,32.33090684549571,0.9903634987338813,31.769190506693306,0.9891227903479386
029.png,base,0.4896978589557083,31,32088,0.4896240234375,60.83244519999971,6,,True,33.627704405693876,0.896691463947091,31.99659989119126,0.8836766780112443
194.png,ft,0.4896956765621425,31,32088,0.4896240234375,183.25422849999995,8,,True,32.21931652500308,0.986482150860633,29.836624255974904,0.9822614935716617
194.png,base,0.4896956765621425,31,32088,0.4896240234375,225.19558880000022,8,,True,33.75643935258656,0.8884662669157972,27.31437764153464,0.8283650145583582
054.png,ft,0.4874923465902492,31,31944,0.4874267578125,87.61670980000008,11,,True,32.47907776730676,0.9870946055920594,31.20771240370943,0.9827159743990809
054.png,base,0.4874923465902492,31,31944,0.4874267578125,43.574811599999975,11,,True,33.067689322041744,0.8310376956110779,32.40971404495342,0.8151699858526683
049.png,ft,0.48702942197334836,31,31912,0.4869384765625,66.88625409999986,9,,True,31.87000099163159,0.9850207133322393,30.684209286213626,0.9805479417611282
049.png,base,0.48702942197334836,31,31912,0.4869384765625,50.36596569999983,9,,True,32.535643637061526,0.7722980132168181,31.60985286983255,0.7639624853580372
116.png,ft,0.4868579991231351,31,31904,0.48681640625,230.2954562,10,,True,32.20634817917355,0.9901010031810811,29.945894892190815,0.9862488733313154
116.png,base,0.4868579991231351,31,31904,0.48681640625,176.38217399999985,10,,True,31.468072984862488,0.9524561785302291,29.011177655223733,0.9311563816064239
099.png,ft,0.4855723901356658,31,31816,0.4854736328125,64.58638419999988,10,,True,32.122980734035586,0.9866013882698874,31.218936893424683,0.9845774529460197
099.png,base,0.4855723901356658,31,31816,0.4854736328125,39.40294949999998,8,,True,32.47735029565521,0.9121152816025725,31.62327454130326,0.8812982459084179
102.png,ft,0.4852092308707469,31,31792,0.485107421875,80.09227030000011,5,,True,32.32377135478771,0.993864749694621,31.16386433919398,0.9918551590927195
102.png,base,0.4852092308707469,31,31792,0.485107421875,286.44077800000014,6,,True,33.36622293037501,0.9566673111016137,30.019672749957024,0.9394293392410321
020.png,ft,0.4819128112423501,30,31576,0.4818115234375,28.23553609999999,7,,True,32.31896234325957,0.992161003062099,31.913141655659857,0.9899102371245428
020.png,base,0.4819128112423501,30,31576,0.4818115234375,40.065527199999906,10,,True,32.222751263766575,0.8291215185900963,31.616813357346185,0.8132958966229783
149.png,ft,0.47949301001988215,30,31424,0.4794921875,146.72872659999985,11,,True,32.118012120386766,0.9851602875571817,30.029697891538714,0.9810984375068731
149.png,base,0.47949301001988215,30,31424,0.4794921875,62.40032990000009,9,,True,35.679114441101575,0.9233270792484324,33.78885317695997,0.9071582463674636
154.png,ft,0.4781094306358208,30,31328,0.47802734375,31.587567500000205,7,,True,32.807602645720564,0.9856634648665581,32.335841954110094,0.9844443985288929
154.png,base,0.4781094306358208,30,31328,0.47802734375,213.4863537000001,8,,True,32.5280326729365,0.9046684248095906,29.481243890574596,0.87483134334766
161.png,ft,0.47545707479699606,30,31160,0.4754638671875,35.72808460000033,8,,True,32.15263800832635,0.9586676284395679,31.724862473980053,0.9577003579958868
161.png,base,0.47545707479699606,30,31160,0.4754638671875,30.42447119999997,10,,True,33.24457099789696,0.8442684550276064,32.55361605445378,0.8112186161773683
193.png,ft,0.47349315814264603,30,31024,0.473388671875,32.93411250000008,8,,True,32.87310178303146,0.9895714324836732,32.337299898376614,0.9862560779861734
193.png,base,0.47349315814264603,30,31024,0.473388671875,18.026571400000194,9,,True,33.72306621227321,0.9018483681716001,33.473029246366345,0.8747236176974488
190.png,ft,0.4697796847079443,30,30784,0.4697265625,59.71189920000006,9,,True,32.90263514384192,0.9956040434886344,32.064441790005766,0.9944646088818803
190.png,base,0.4697796847079443,30,30784,0.4697265625,6.732867499999884,7,,True,32.47446489515144,0.9906844225304045,32.412743822754436,0.9907181274487805
198.png,ft,0.46947112158277676,30,30760,0.4693603515625,23.07003160000022,9,,True,32.27086887494141,0.9816768951685141,31.909994849230365,0.9793225495098055
198.png,base,0.46947112158277676,30,30760,0.4693603515625,25.21032070000001,10,,True,32.60259996141186,0.7881661943169795,32.21787443868572,0.76136698512262
012.png,ft,0.4687942797789,30,30720,0.46875,42.43161379999992,8,,True,32.657118640902674,0.9915150190964709,31.910776985646933,0.9881457122625324
012.png,base,0.4687942797789,30,30720,0.46875,26.82784670000001,8,,True,34.07450696100752,0.9174716694462469,33.000000482171416,0.8856345497440926
062.png,ft,0.4672349563846946,29,30616,0.4671630859375,36.60554150000007,8,,True,32.4251198333942,0.9932564513708776,31.952461311620436,0.9920784864651435
062.png,base,0.4672349563846946,29,30616,0.4671630859375,68.41730529999995,10,,True,32.63412381118631,0.949553751428787,31.384471973153467,0.9362398793035664
007.png,ft,0.4667751212502391,29,30584,0.4666748046875,72.70357550000017,8,,True,32.81579809785804,0.9916324750316213,31.66463591902074,0.9890021369241464
007.png,base,0.4667751212502391,29,30584,0.4666748046875,202.25783589999992,8,,True,32.06038523355102,0.9196079484641143,28.724172192461825,0.8817093600466377
127.png,ft,0.4656351349057382,29,30512,0.465576171875,81.3696989,7,,True,32.685797068309846,0.9904436353439041,31.196677043024152,0.9866104249702419
127.png,base,0.4656351349057382,29,30512,0.465576171875,45.84472169999981,6,,True,31.96222727648957,0.8957091420211049,31.11742174721432,0.8623678683014139
199.png,ft,0.46115506530383077,29,30216,0.4610595703125,12.305001400000037,6,,True,32.97923693202118,0.9929788461328976,32.77245317679206,0.9925854948607798
199.png,base,0.46115506530383077,29,30216,0.4610595703125,12.214120699999967,8,,True,33.52085626186488,0.922780192862917,33.33224310058549,0.9259335877627346
158.png,ft,0.4583387926129886,29,30032,0.458251953125,27.053844200000185,8,,True,32.78910542741552,0.9912561194640449,32.1722621469123,0.9894555777320716
158.png,base,0.4583387926129886,29,30032,0.458251953125,48.2732332999999,9,,True,35.136746474178466,0.9301446016952453,32.49273778593121,0.9023485859067021
142.png,ft,0.45779280114145204,29,30000,0.457763671875,30.05592089999982,7,,True,32.875478178085345,0.989710365533587,32.320033836619714,0.9878386315262563
142.png,base,0.45779280114145204,29,30000,0.457763671875,17.281250799999725,7,,True,32.55693890115045,0.8495325786178743,32.17774642677782,0.8502365864765533
055.png,ft,0.457215053802347,29,29960,0.4571533203125,103.38824739999973,9,,True,33.092274442873425,0.9952665611267505,31.52128193191631,0.9925628917466217
055.png,base,0.457215053802347,29,29960,0.4571533203125,220.95523960000037,6,,True,32.44450075941154,0.9006786563911094,27.131074308726582,0.848404034124536
030.png,ft,0.4571343444494935,29,29952,0.45703125,63.40677079999978,4,,True,33.20184814516756,0.9961850937663741,31.890837260709315,0.9929968507928445
030.png,base,0.4571343444494935,29,29952,0.45703125,49.76220939999985,7,,True,32.61985228205545,0.9696097924625121,30.816349009901785,0.940782407730646
151.png,ft,0.45524629319745025,29,29832,0.4552001953125,40.703628899999785,6,,True,33.22767823995069,0.9955425425293797,32.55177982103204,0.9943833990378287
151.png,base,0.45524629319745025,29,29832,0.4552001953125,60.154911000000084,7,,True,32.48083840357168,0.9761569123333127,31.571956149977026,0.9600797608550145
051.png,ft,0.4527734939503233,29,29672,0.4527587890625,26.129276799999843,7,,True,33.11321186356006,0.9942884862662152,32.59307387731222,0.9926760208720178
051.png,base,0.4527734939503233,29,29672,0.4527587890625,7.399347200000193,5,,True,32.66179809004891,0.863813607688867,32.58195362533697,0.8764073710590589
118.png,ft,0.45165086493498713,28,29592,0.4515380859375,30.53977420000001,9,,True,32.60586704335707,0.982812665794904,32.135682709362605,0.9814376148275028
118.png,base,0.45165086493498713,28,29592,0.4515380859375,49.995812000000114,7,,True,32.688824505016775,0.8214261977569026,31.890926517213924,0.81648411110256
123.png,ft,0.45023623773475496,28,29504,0.4501953125,38.504091600000265,7,,True,33.290987248436295,0.9961034636909858,32.592450572670614,0.9941367465034013
123.png,base,0.45023623773475496,28,29504,0.4501953125,53.87882320000017,7,,True,32.42581281267982,0.9620656576885248,31.58290148971232,0.9450359132760292
107.png,ft,0.44761260683720816,28,29328,0.447509765625,39.523712799999885,5,,True,32.896277157737366,0.9966800325217018,32.105111219216184,0.9956101663807138
107.png,base,0.44761260683720816,28,29328,0.447509765625,3.3578284000000167,0,,True,35.758646661990824,0.8950108440228173,35.60962602098702,0.897923322267193
089.png,ft,0.4474670512755857,28,29320,0.4473876953125,63.38669549999986,9,,True,33.00727464094952,0.9957294502449472,32.001806312840515,0.9938455329499352
089.png,base,0.4474670512755857,28,29320,0.4473876953125,97.59195409999984,8,,True,33.598167187641664,0.9461048506910599,31.75805124153119,0.9187863244757392
005.png,ft,0.4442974944582197,28,29112,0.4442138671875,100.50704510000014,4,,True,33.28882216905255,0.9974964371047591,31.946750957133144,0.9960101106723895
005.png,base,0.4442974944582197,28,29112,0.4442138671875,28.294461099999808,6,,True,31.732636599139322,0.9406807271688619,31.281827090073723,0.9336223911616356
082.png,ft,0.44060242288248586,28,28872,0.4405517578125,162.1000693000001,8,,True,32.762042559458,0.9530340804752571,30.65104680290391,0.9487074607155509
082.png,base,0.44060242288248586,28,28872,0.4405517578125,131.18387970000003,9,,True,32.82393679711747,0.8400752000870167,29.20335260830199,0.8072788257245458
087.png,ft,0.4399119805653968,28,28824,0.4398193359375,86.22778440000002,5,,True,33.194041799365294,0.9941204895717408,30.72507270994075,0.9845808045630937
087.png,base,0.4399119805653968,28,28824,0.4398193359375,19.592170299999907,7,,True,32.23644581365679,0.9251842602232182,31.95117329827657,0.8677299878379996
162.png,ft,0.43975954177050347,28,28816,0.439697265625,90.15635010000005,7,,True,32.817930788099446,0.977040484191783,30.72020087667347,0.9651635008244468
162.png,base,0.43975954177050347,28,28816,0.439697265625,17.068487800000185,6,,True,34.23996781335971,0.7908558469997183,33.607179079127185,0.7464459839615887
044.png,ft,0.43944986293863264,28,28800,0.439453125,31.668434100000013,6,,True,33.43047236904965,0.9963424886853502,32.775871215997824,0.9951724474630534
044.png,base,0.43944986293863264,28,28800,0.439453125,110.66625449999992,5,,True,32.187596152780024,0.9278245460962878,30.983986104132537,0.9157464630474114
171.png,ft,0.43651053491648345,27,28600,0.4364013671875,99.00890320000008,5,,True,32.728347700861306,0.9875246579534311,31.066851074406244,0.9821997757804142
171.png,base,0.43651053491648345,27,28600,0.4364013671875,14.40387520000013,8,,True,33.98681376047296,0.8853529478208084,33.714434843283016,0.8720882176547771
032.png,ft,0.4360786726196824,27,28576,0.43603515625,51.33753669999987,6,,True,33.203571773143686,0.9914068845237985,32.364968335068085,0.9897737518812323
032.png,base,0.4360786726196824,27,28576,0.43603515625,20.413993799999844,8,,True,33.50692874584542,0.8785169223446252,33.015598927307586,0.8691764514388208
000.png,ft,0.43458663159720656,27,28480,0.4345703125,39.11498900000015,5,,True,33.360269257774235,0.9970807389683327,32.59798506658304,0.9958054433537176
000.png,base,0.43458663159720656,27,28480,0.4345703125,67.98191270000007,8,,True,33.080053547831184,0.9675480844061796,31.657520802869374,0.9542440304962033
094.png,ft,0.43363508472867407,27,28416,0.43359375,23.230133999999907,7,,True,32.87179068030445,0.9896966737649421,32.54507862578298,0.9881098764747426
094.png,base,0.43363508472867407,27,28416,0.43359375,9.662068799999815,5,,True,33.60824635694683,0.9366566217278135,33.46257027037447,0.9391920403054549
097.png,ft,0.43263638697685713,27,28352,0.4326171875,34.795382000000245,7,,True,33.38574170673118,0.9917847585798931,32.79013346211076,0.9900055340316998
097.png,base,0.43263638697685713,27,28352,0.4326171875,27.252655599999798,3,,True,32.55724739223412,0.9461911462711694,32.20609298940485,0.9414897873507503
124.png,ft,0.43046189480355923,27,28208,0.430419921875,20.965823999999884,9,,True,33.19042643783338,0.9943911975614219,32.85513756851316,0.9936882587021297
124.png,base,0.43046189480355923,27,28208,0.430419921875,29.76304200000004,7,,True,32.74028126900272,0.9533453246396394,32.288309553717966,0.9531909847069887
047.png,ft,0.42682759040249973,27,27968,0.4267578125,93.7459844,7,,True,33.62600127762011,0.9929539218742517,31.75001855502903,0.989348054126903
047.png,base,0.42682759040249973,27,27968,0.4267578125,100.52226879999989,8,,True,33.03096209706953,0.9311719693375516,31.182230148210245,0.8870643743715375
093.png,ft,0.42600155825691033,27,27912,0.4259033203125,62.56119480000007,7,,True,33.1572195477419,0.9965973787135466,32.099361975733814,0.9950938493642018
093.png,base,0.42600155825691033,27,27912,0.4259033203125,19.377628100000038,6,,True,32.06516042544124,0.9548985159765375,31.69455070262979,0.9470272574016954
188.png,ft,0.4251839994263925,27,27864,0.4251708984375,23.86356479999995,8,,True,33.39937898669599,0.9968068717705814,32.97349542370121,0.9962318471436781
188.png,base,0.4251839994263925,27,27864,0.4251708984375,31.67779100000007,5,,True,33.258354083146735,0.9690365314052619,32.74572751888668,0.967298004520404
037.png,ft,0.423791746289171,27,27768,0.4237060546875,19.753415399999994,6,,True,33.540637389025164,0.9953993142245796,33.154527296408375,0.9945241072253591
037.png,base,0.423791746289171,27,27768,0.4237060546875,16.565814899999623,4,,True,34.781987165177746,0.9723581500583022,34.14638859957597,0.9678863266139359
157.png,ft,0.4229871822398693,27,27720,0.4229736328125,29.438544300000103,8,,True,33.314966458312135,0.9909248392994938,32.784540329590484,0.9897438490472141
157.png,base,0.4229871822398693,27,27720,0.4229736328125,69.90990369999963,10,,True,32.94330931947946,0.9068747242706219,31.684321383809184,0.8922548595643582
182.png,ft,0.42239395825742737,27,27680,0.42236328125,35.690244599999914,6,,True,33.18599476684705,0.9941956513634713,32.458904923936124,0.9929564421182917
182.png,base,0.42239395825742737,27,27680,0.42236328125,18.090205200000128,5,,True,33.2639837398417,0.9489206368162959,32.78699781325185,0.9389712683444772
002.png,ft,0.42202999236269306,27,27656,0.4219970703125,33.158388999999715,5,,True,33.76235131002518,0.9959086724039633,33.0318858226208,0.9941444273443376
002.png,base,0.42202999236269306,27,27656,0.4219970703125,67.40833269999985,11,,True,33.10565684154253,0.9213449744393252,31.79575022760966,0.8954026435092994
073.png,ft,0.4214183256225753,27,27616,0.42138671875,97.76311780000015,9,,True,33.588490882243846,0.995334499209,31.271204251056627,0.9917320597477125
073.png,base,0.4214183256225753,27,27616,0.42138671875,97.41670179999983,7,,True,33.557386885693916,0.9058648001227179,30.44939332544132,0.8553506150742393
026.png,ft,0.42066796338404044,26,27568,0.420654296875,37.41052439999976,8,,True,33.27230661795639,0.9933727910560949,32.46634704378394,0.9905792585677243
026.png,base,0.42066796338404044,26,27568,0.420654296875,27.881907400000273,3,,True,36.018849830690634,0.9469507579724181,34.83641284477261,0.9099497830494131
060.png,ft,0.4193496404161535,26,27480,0.4193115234375,48.488416400000006,8,,True,33.18354198634159,0.98789215349163,32.278534398725654,0.9848475841398717
060.png,base,0.4193496404161535,26,27480,0.4193115234375,20.86926050000011,7,,True,33.823623312677896,0.9023943577780973,32.77022955006402,0.8811955595829598
176.png,ft,0.418250986137196,26,27408,0.418212890625,181.99677969999993,7,,True,32.95886356295746,0.9918465646615919,28.88478059185408,0.9821528717794242
176.png,base,0.418250986137196,26,27408,0.418212890625,37.64580169999999,7,,True,34.40324958504678,0.8724133150275775,32.26233600905397,0.8386668307228403
016.png,ft,0.417191159585457,26,27336,0.4171142578125,21.394962100000157,9,,True,33.29036109045,0.9908889194726536,32.8895214082981,0.9899109510040774
016.png,base,0.417191159585457,26,27336,0.4171142578125,35.07535229999985,9,,True,31.641734243251094,0.8850325476340347,31.214543004477964,0.8782903803806409
109.png,ft,0.41672161137351,26,27304,0.4166259765625,44.8635319,11,,True,33.380759997735694,0.9949761077005743,32.6529948552148,0.9939487943298788
109.png,base,0.41672161137351,26,27304,0.4166259765625,9.715415000000121,10,,True,32.19403994768411,0.8637413518498321,32.12819680551821,0.86761898764902
187.png,ft,0.415811954009725,26,27248,0.415771484375,28.78988100000015,6,,True,33.04110310899594,0.9905202237929571,32.486093888722756,0.9876097796171267
187.png,base,0.415811954009725,26,27248,0.415771484375,25.915915899999618,8,,True,31.97824158858913,0.9439724612253378,31.61370507571341,0.917884540278825
134.png,ft,0.41216303475621796,26,27008,0.412109375,50.20981329999995,7,,True,33.433160805790976,0.9904778968038693,32.54982887130369,0.9888754451795468
134.png,base,0.41216303475621796,26,27008,0.412109375,104.81332010000006,6,,True,32.50315706176438,0.9164544919504851,30.22218414046174,0.8902683747749404
019.png,ft,0.4108295267812099,26,26920,0.4107666015625,111.64844429999994,9,,True,33.41872522847829,0.9897734564244276,31.041739305928523,0.9859614335239014
019.png,base,0.4108295267812099,26,26920,0.4107666015625,473.93168289999994,8,,True,33.414282652070135,0.8365851228091677,24.15395868702324,0.7744626302848236
110.png,ft,0.4099126712302458,26,26864,0.409912109375,34.649647000000186,7,,True,33.90449339586912,0.9943717069863099,33.376936347916974,0.993631607396895
110.png,base,0.4099126712302458,26,26864,0.409912109375,24.61175970000022,7,,True,33.01979668043265,0.9725114067965268,32.69328309290743,0.9711345128190199
106.png,ft,0.4094718872250036,26,26832,0.409423828125,29.48238739999988,7,,True,33.858432890647634,0.9886333254160885,33.36791862956065,0.9873753489691591
106.png,base,0.4094718872250036,26,26832,0.409423828125,147.25750229999994,8,,True,35.0771626288771,0.9363437078222043,30.594979486833687,0.9155310563934953
137.png,ft,0.408315863324766,26,26752,0.408203125,67.08386550000023,6,,True,33.58852813813477,0.993756955900948,32.223642258182316,0.9914989267777683
137.png,base,0.408315863324766,26,26752,0.408203125,33.641058599999724,7,,True,33.33097819292861,0.8658605000494576,32.02557704151866,0.8452451685299328
053.png,ft,0.4071058137982876,26,26680,0.4071044921875,43.643803500000104,4,,True,33.781372034906774,0.9968629804175385,32.896559096102315,0.9955387843618633
053.png,base,0.4071058137982876,26,26680,0.4071044921875,157.25022929999977,8,,True,33.41807814243814,0.9079366999419223,30.773058862557964,0.8884629147899833
114.png,ft,0.406549849101884,26,26640,0.406494140625,12.81123770000022,6,,True,34.044211417575156,0.9977512108357629,33.80164201821357,0.9974708317396411
114.png,base,0.406549849101884,26,26640,0.406494140625,5.665775399999802,7,,True,33.16219603293212,0.9712528202032858,33.10651323698005,0.9713031926797878
074.png,ft,0.405939346045571,26,26600,0.4058837890625,51.34038759999976,3,,True,34.018681635498716,0.996507384286409,32.9202309714197,0.994514466887384
074.png,base,0.405939346045571,26,26600,0.4058837890625,125.47129940000013,3,,True,33.43755527642978,0.9659212361037095,29.203302557759425,0.9436025095008921
189.png,ft,0.402806312836236,25,26392,0.4027099609375,75.48913159999984,7,,True,33.25565952765585,0.9708859636338988,32.10020101216253,0.9686078781823455
189.png,base,0.402806312836236,25,26392,0.4027099609375,123.87426460000006,7,,True,33.3553475604033,0.9031212436548937,30.95505360413314,0.883396485339131
003.png,ft,0.4023591252692137,25,26368,0.40234375,42.7973692999999,6,,True,33.72987815581163,0.9955590059738644,32.731278801271785,0.9941650759691485
003.png,base,0.4023591252692137,25,26368,0.40234375,141.54826589999993,6,,True,32.44016396353991,0.9071919736707795,30.08407768421829,0.8957113633328636
170.png,ft,0.40158556964547093,25,26312,0.4014892578125,17.665422700000363,6,,True,33.602874430521865,0.9942473570011348,33.20050565231534,0.9931654842161693
170.png,base,0.40158556964547093,25,26312,0.4014892578125,8.347653199999968,8,,True,34.352652334846205,0.9666063590566988,34.156449010681875,0.9590101428194088
045.png,ft,0.40104578477267355,25,26280,0.4010009765625,18.52569480000011,6,,True,33.88419408156586,0.9960697583065683,33.46558271079293,0.9944781345118218
045.png,base,0.40104578477267355,25,26280,0.4010009765625,10.215428800000154,8,,True,35.49592599197341,0.9616741354791162,35.25954042731594,0.9397472424671572
061.png,ft,0.39738438340696414,25,26040,0.3973388671875,39.07453409999971,7,,True,34.16220007274422,0.988298872250404,33.20065187941364,0.9850185641714077
061.png,base,0.39738438340696414,25,26040,0.3973388671875,154.51412140000002,9,,True,33.67392891066474,0.9277012734339132,30.1435671780455,0.9023292074063232
023.png,ft,0.39669157427060675,25,25992,0.3966064453125,29.12190499999997,6,,True,34.25829991473583,0.9924722056076813,33.59520753817804,0.9906749881186373
023.png,base,0.39669157427060675,25,25992,0.3966064453125,32.44599100000005,9,,True,33.490149269373845,0.938547787460644,32.79468957642141,0.9271209688815268
122.png,ft,0.39631880682171516,25,25968,0.396240234375,33.23180489999959,7,,True,34.320682903273905,0.9944887595101113,33.455550361807965,0.9922123599264466
122.png,base,0.39631880682171516,25,25968,0.396240234375,60.82408480000004,6,,True,33.45250725788358,0.9520768256251896,32.17609043547129,0.9383283336190663
080.png,ft,0.39623009476547166,25,25960,0.3961181640625,29.468069000000014,11,,True,34.068677462080586,0.996987554330238,33.456092384412244,0.9958455244770986
080.png,base,0.39623009476547166,25,25960,0.3961181640625,33.018143399999644,7,,True,33.381268345501375,0.9463306709878644,32.75745965432359,0.9401026293428557
121.png,ft,0.39621819623690163,25,25960,0.3961181640625,20.07486229999995,7,,True,34.01811606521142,0.9968870519830536,33.40557035446395,0.9958015568682498
121.png,base,0.39621819623690163,25,25960,0.3961181640625,6.805204299999787,4,,True,34.65269014701234,0.9738894557447988,34.489913598793215,0.9744739646269243
184.png,ft,0.3960974298262273,25,25952,0.39599609375,112.51705439999978,6,,True,34.2428770209879,0.9968307776068949,31.932346687781514,0.9939537550030471
184.png,base,0.3960974298262273,25,25952,0.39599609375,115.59209269999974,5,,True,33.98665042624537,0.9515505347344402,29.89349785059955,0.9330937368615503
101.png,ft,0.394823246555143,25,25872,0.394775390625,15.089491900000212,4,,True,33.947821553246335,0.9965823746210244,33.56338415265628,0.9950080724621174
101.png,base,0.394823246555143,25,25872,0.394775390625,5.108055499999864,5,,True,35.98567737046152,0.9134353488933324,35.85686332261874,0.8999931329107204
100.png,ft,0.3915812889130126,25,25656,0.3914794921875,45.131642400000146,5,,True,34.352233111713225,0.9958394463843534,32.635147584718155,0.9925193212765105
100.png,base,0.3915812889130126,25,25656,0.3914794921875,17.50305930000013,7,,True,33.67146225163936,0.9158938820140653,32.981116013485035,0.8948982962081206
079.png,ft,0.39121860109968254,25,25632,0.39111328125,25.186480500000016,4,,True,34.38248195225246,0.9978065874991785,33.8196676938884,0.9972056813115698
079.png,base,0.39121860109968254,25,25632,0.39111328125,5.93694749999986,7,,True,33.92681321306282,0.9676053481659748,33.85215701498501,0.9678166676367956
004.png,ft,0.3911679667593322,25,25632,0.39111328125,32.86381570000003,4,,True,34.28480946601175,0.9947829010906701,33.541584779540095,0.9940589866176804
004.png,base,0.3911679667593322,25,25632,0.39111328125,25.730428600000323,6,,True,33.485053237466225,0.9557050503430282,33.02009969087439,0.95267354520618
011.png,ft,0.3863116682521573,24,25312,0.38623046875,16.428740199999993,6,,True,34.52754482340646,0.9946300189020528,33.98206596349938,0.9930304041259331
011.png,base,0.3863116682521573,24,25312,0.38623046875,61.37436099999968,3,,True,35.24894650830308,0.9130174022195189,32.27688257233416,0.8670684081542962
105.png,ft,0.3854811001938854,24,25256,0.3853759765625,117.6312727999998,6,,True,34.4021064797661,0.9977103743198806,31.90104696554078,0.9952538727891009
105.png,base,0.3854811001938854,24,25256,0.3853759765625,29.752727199999754,2,,True,35.63902911092269,0.9680005243406004,34.24611778153944,0.9589481572356929
050.png,ft,0.38513149404978664,24,25240,0.3851318359375,32.73541410000007,4,,True,34.12031077727538,0.9970565323061649,33.33763168003622,0.9961633361288446
050.png,base,0.38513149404978664,24,25240,0.3851318359375,9.281553700000131,5,,True,35.52453768390557,0.9266140999922515,34.9512572340406,0.8974798382410697
152.png,ft,0.3826647115208038,24,25072,0.382568359375,27.55691569999999,5,,True,34.28414803087738,0.9938866034091405,33.59176052697877,0.9930761497121704
152.png,base,0.3826647115208038,24,25072,0.382568359375,32.72181139999975,3,,True,34.647136322083014,0.9494106997942989,33.7828003500813,0.9480827616692927
165.png,ft,0.3812935045594239,24,24984,0.3812255859375,37.749077399999805,6,,True,34.05715341921142,0.9954273353764395,33.244307125179354,0.9941300772196353
165.png,base,0.3812935045594239,24,24984,0.3812255859375,59.03855609999982,8,,True,33.51194528631918,0.8982423029138967,32.36669970788263,0.893161330315443
175.png,ft,0.38100760069547185,24,24968,0.3809814453125,30.15129049999996,3,,True,34.56686594383306,0.9974524411086945,33.81729032378314,0.9959920267818084
175.png,base,0.38100760069547185,24,24968,0.3809814453125,186.66307630000028,5,,True,33.59324824964615,0.9168817036531827,29.60436514951464,0.9125238908334347
017.png,ft,0.38090093956714033,24,24960,0.380859375,29.88056830000005,5,,True,34.28417809392545,0.9982654616244256,33.66900015553879,0.9978083206686451
017.png,base,0.38090093956714033,24,24960,0.380859375,20.125411900000017,3,,True,33.7875764429436,0.9676721878314304,33.368281605534804,0.9587947285548388
104.png,ft,0.3806300676303778,24,24944,0.380615234375,42.46931599999971,3,,True,34.45110486442245,0.9979643912145959,33.56766140418412,0.9971148482843591
104.png,base,0.3806300676303778,24,24944,0.380615234375,205.17450969999982,6,,True,33.95044526493752,0.9397066876292789,31.28868256943841,0.9279754142806868
095.png,ft,0.3790835452182185,24,24840,0.3790283203125,18.52846959999988,9,,True,34.18620877579912,0.9918399391124881,33.843134636356595,0.9908834277848921
095.png,base,0.3790835452182185,24,24840,0.3790283203125,10.54082150000022,8,,True,33.56162429124083,0.9028284379908308,33.40752790698494,0.9052962435807167
148.png,ft,0.37731066409248665,24,24720,0.377197265625,14.43842339999992,6,,True,34.47703846334732,0.9936551228390607,34.11975023719214,0.9924739067359006
148.png,base,0.37731066409248665,24,24720,0.377197265625,7.949016499999743,6,,True,33.67794170761589,0.8947241183505796,33.50329761922718,0.8742301926120845
129.png,ft,0.37561469797985564,24,24616,0.3756103515625,15.0057268999999,5,,True,34.362570010210284,0.9873994717072355,33.95652189684992,0.9859326232473421
129.png,base,0.37561469797985564,24,24616,0.3756103515625,11.443245800000113,7,,True,33.72661506982228,0.8849905234815484,33.527020586358994,0.8790637253387512
186.png,ft,0.3752967700690701,24,24592,0.375244140625,53.554367100000036,6,,True,34.34601337622696,0.9897914530273231,33.117743254060144,0.9882232266148804
186.png,base,0.3752967700690701,24,24592,0.375244140625,69.06593179999982,3,,True,35.57815218946901,0.9347206268632319,33.58196904325056,0.9108648225450757
084.png,ft,0.3746793484639752,24,24552,0.3746337890625,17.345399199999974,6,,True,34.10508613548003,0.9953693086566826,33.71870599465824,0.9930113336203706
084.png,base,0.3746793484639752,24,24552,0.3746337890625,98.73296459999983,9,,True,34.525111673142554,0.9088829436611077,31.473039683059042,0.8669338667640903
057.png,ft,0.37312130003516397,23,24448,0.373046875,30.11059720000003,6,,True,34.5251087842257,0.991058801303441,33.68899903440797,0.9877108746885647
057.png,base,0.37312130003516397,23,24448,0.373046875,26.590005700000347,3,,True,35.61119866747151,0.9720981747108544,34.640114030762696,0.9327423885117971
096.png,ft,0.37114462077330995,23,24320,0.37109375,14.975631399999656,5,,True,34.84764479017124,0.9980319726355673,34.42065892330472,0.9973914298655006
096.png,base,0.37114462077330995,23,24320,0.37109375,34.82381269999996,4,,True,34.474767649942805,0.9458593606129587,33.676370042484756,0.9363529933198746
125.png,ft,0.37005129115774016,23,24248,0.3699951171875,15.087994099999833,6,,True,35.10433455689074,0.9786932088606314,34.697456449745744,0.9734531353744368
125.png,base,0.37005129115774016,23,24248,0.3699951171875,3.9584263000001556,4,,True,34.87167696461265,0.9234850560316777,34.823226045882386,0.9192741858000897
139.png,ft,0.3695900828121872,23,24216,0.3695068359375,7.66745149999997,7,,True,34.227926849636965,0.9941828796350991,34.11420137388815,0.994018634279007
139.png,base,0.3695900828121872,23,24216,0.3695068359375,17.289079200000288,5,,True,34.06514973308034,0.9668686798569722,33.67871031950884,0.9642392819770297
140.png,ft,0.36780155837323936,23,24104,0.3677978515625,18.08716940000022,5,,True,34.824171938855415,0.9959296784217863,34.25731926891926,0.994513582683373
140.png,base,0.36780155837323936,23,24104,0.3677978515625,46.705395599999974,7,,True,35.452064006651284,0.9114308869621462,33.99164340239176,0.9007246150503848
008.png,ft,0.3642466138490874,23,23864,0.3641357421875,35.98505920000025,6,,True,34.5851051884076,0.9948586257138322,33.90793640027396,0.9938340431615454
008.png,base,0.3642466138490874,23,23864,0.3641357421875,10.626666600000135,5,,True,33.098505972036264,0.8340829213880597,33.059533358395875,0.8308712074067136
065.png,ft,0.36402528927784517,23,23856,0.364013671875,56.409841400000005,4,,True,34.9721605728233,0.9955635860052799,33.59577971457914,0.9936537832274935
065.png,base,0.36402528927784517,23,23856,0.364013671875,66.64991199999986,5,,True,34.44109934604574,0.9510755587581361,32.281060991239116,0.9356224987192764
185.png,ft,0.36357986590873637,23,23824,0.363525390625,24.785673400000178,6,,True,34.993497514306256,0.9939492679240534,34.382424177278146,0.9927559356334968
185.png,base,0.36357986590873637,23,23824,0.363525390625,16.393599600000016,5,,True,34.95909949790583,0.8768493628503694,34.60062784724302,0.877111503638044
077.png,ft,0.36294646012506765,23,23784,0.3629150390625,29.526834000000235,4,,True,35.181297397256294,0.997493806872874,34.2335059743037,0.9962980341046089
077.png,base,0.36294646012506765,23,23784,0.3629150390625,46.24467589999995,5,,True,34.46949936761563,0.9749762572047549,32.304181994863,0.9627053827984318
177.png,ft,0.3622636033078859,23,23736,0.3621826171875,37.983971199999814,7,,True,34.513303400166265,0.9937044462653704,33.332674819098514,0.9913570767955718
177.png,base,0.3622636033078859,23,23736,0.3621826171875,80.43306369999982,5,,True,33.864755896754396,0.8744505180342077,31.976332750141655,0.8506788217223628
173.png,ft,0.3618654941770666,23,23712,0.36181640625,23.387259000000086,6,,True,34.846285218973804,0.9919043419577944,34.11236558647356,0.9905793075114517
173.png,base,0.3618654941770666,23,23712,0.36181640625,4.866473499999756,3,,True,34.578560649260965,0.9631395961344753,34.44491689775554,0.959031882334597
038.png,ft,0.3579646552969058,22,23456,0.35791015625,30.40411670000003,4,,True,35.16643420354622,0.9943634410470348,34.16728739215432,0.9910566532332726
038.png,base,0.3579646552969058,22,23456,0.35791015625,118.50519870000016,5,,True,35.069830339429274,0.9374952710459425,30.944076672956086,0.9084650457872551
033.png,ft,0.35308150426901286,22,23136,0.35302734375,18.423801099999764,8,,True,34.78836693515842,0.9871740575238518,34.30175134989729,0.9858453877057768
033.png,base,0.35308150426901286,22,23136,0.35302734375,11.676045499999873,6,,True,33.30901490734166,0.8657190236068452,32.993955309026475,0.8405563112322924
128.png,ft,0.35092004023190204,22,22992,0.350830078125,8.266386999999668,5,,True,35.554492379999715,0.9974667687237118,35.285786026307704,0.9970974774077167
128.png,base,0.35092004023190204,22,22992,0.350830078125,5.337692999999945,3,,True,37.60429527616616,0.9742460178453358,37.36882566840225,0.9691846662440186
022.png,ft,0.3482085125866274,22,22816,0.34814453125,30.752384899999925,4,,True,35.441605288679945,0.9915771624617422,34.47068888141853,0.988900449761854
022.png,base,0.3482085125866274,22,22816,0.34814453125,7.8205284000000574,6,,True,34.408710869713815,0.8728449588435101,34.282144296919114,0.8727354628661314
133.png,ft,0.34812027498407133,22,22808,0.3480224609375,18.452443199999834,6,,True,35.52727679541502,0.9963685011517135,35.01149928587224,0.995544847133457
133.png,base,0.34812027498407133,22,22808,0.3480224609375,6.963895899999898,4,,True,34.461503570385624,0.9539983309717507,34.3197229737515,0.9537698118177101
098.png,ft,0.3452183382275905,22,22624,0.34521484375,8.75162309999996,5,,True,35.5760909701669,0.9979595059305811,35.284524166933515,0.9975793519407302
098.png,base,0.3452183382275905,22,22624,0.34521484375,4.33726280000019,4,,True,34.11293480777135,0.9126773301485444,34.05545220838535,0.9180255910013889
192.png,ft,0.3424252344573391,21,22440,0.3424072265625,12.535620400000425,6,,True,35.513475154367676,0.9979807205495546,35.03072045351914,0.9969753797357287
192.png,base,0.3424252344573391,21,22440,0.3424072265625,45.58650630000011,6,,True,34.59578610236095,0.9147501903613783,31.53634314358466,0.8937834289156781
083.png,ft,0.3422804339317562,21,22432,0.34228515625,21.5303428000002,5,,True,35.375491995912384,0.9983175661938651,34.77529745779917,0.9979833913682655
083.png,base,0.3422804339317562,21,22432,0.34228515625,18.77831279999964,4,,True,34.51300665971867,0.9602979611294656,34.15218997436571,0.9616200939195759
018.png,ft,0.3390288015815643,21,22216,0.3389892578125,8.662520400000176,5,,True,35.54158970901804,0.9976072411570954,35.242691826359035,0.9968560858422563
018.png,base,0.3390288015815643,21,22216,0.3389892578125,8.16906760000029,5,,True,36.02710920091105,0.975313419627219,35.75805055592334,0.9666441023891513
034.png,ft,0.33830981068879185,21,22168,0.3382568359375,15.837560799999665,5,,True,35.37169878230003,0.9962546529668913,34.90760518594185,0.995665510731873
034.png,base,0.33830981068879185,21,22168,0.3382568359375,9.394455599999674,7,,True,35.09648835374368,0.9196205926733912,34.74721192943063,0.8933852759403202
006.png,ft,0.3367532969809155,21,22064,0.336669921875,23.01673810000011,6,,True,35.642170197967424,0.9970724358133913,34.963573461460015,0.9962223683921675
006.png,base,0.3367532969809155,21,22064,0.336669921875,59.82357610000008,4,,True,36.432011090068144,0.9796230035367648,33.86350792374019,0.9690884334546123
086.png,ft,0.3357983855289268,21,22000,0.335693359375,31.787293699999736,6,,True,35.1894331239495,0.9957316325069625,34.256241085762156,0.9944723315284095
086.png,base,0.3357983855289268,21,22000,0.335693359375,32.470758099999784,6,,True,33.89572994309934,0.9237454856632736,32.86597118903257,0.897163426976724
036.png,ft,0.3349808155952727,21,21952,0.3349609375,9.311839800000143,3,,True,36.008142175975905,0.9980610283004332,35.58922834965736,0.9975516716164593
036.png,base,0.3349808155952727,21,21952,0.3349609375,28.73081860000002,5,,True,36.33494525373307,0.9595341197338215,35.18557020087482,0.9526056303525835
028.png,ft,0.3329981296131845,21,21816,0.3328857421875,7.792890599999737,3,,True,35.646648586384245,0.9980474869397644,35.33196095197519,0.9977162635029749
028.png,base,0.3329981296131845,21,21816,0.3328857421875,10.594424599999911,4,,True,34.64739185619285,0.9792280994837913,34.37012258261211,0.9757677365554622
131.png,ft,0.3291806545608562,21,21568,0.3291015625,7.509897899999942,5,,True,35.8179103835261,0.997640991193279,35.37723869036085,0.9967070554118705
131.png,base,0.3291806545608562,21,21568,0.3291015625,5.445523600000342,6,,True,34.844089648106355,0.9757393653687441,34.57618060254332,0.9634996786488182
196.png,ft,0.3245459974987746,20,21264,0.324462890625,44.77319609999995,4,,True,35.726200123135186,0.9967303066617513,34.28600595377348,0.9954037591322183
196.png,base,0.3245459974987746,20,21264,0.324462890625,25.016222599999764,6,,True,34.94357649574713,0.9513040894285824,34.15298364037669,0.9459597096194821
108.png,ft,0.32436362195311635,20,21256,0.3243408203125,13.171140199999627,6,,True,35.431463553665985,0.9918196487248684,35.04182054180086,0.9912566714789826
108.png,base,0.32436362195311635,20,21256,0.3243408203125,19.41843149999977,6,,True,34.387438550727595,0.9771801255325077,33.65690610858637,0.9711980016292316
141.png,ft,0.3228102350914757,20,21152,0.32275390625,46.66957509999975,6,,True,35.71290322194847,0.9936148684988619,34.15014902753432,0.9913263884988495
141.png,base,0.3228102350914757,20,21152,0.32275390625,43.138806199999635,3,,True,35.27031572846078,0.9699463736697552,33.53543119890357,0.9484572841025208
135.png,ft,0.3215112782494593,20,21064,0.3214111328125,27.34715159999996,11,,True,35.50853409224095,0.9939989183635343,34.60083754307965,0.9913555226478045
135.png,base,0.3215112782494593,20,21064,0.3214111328125,10.715931400000045,6,,True,36.14922164732375,0.9246120246882218,35.69639841258968,0.8990048815077109
183.png,ft,0.32049174408567793,20,21000,0.3204345703125,20.848222499999792,5,,True,35.84160633241811,0.9962274426419491,35.185011909121194,0.995367843422548
183.png,base,0.32049174408567793,20,21000,0.3204345703125,27.13533890000008,7,,True,35.9751801801453,0.9555693253964643,34.60575359689638,0.9380337546797368
056.png,ft,0.3169142045910879,20,20768,0.31689453125,11.995455600000241,5,,True,35.74146407534176,0.9983319136819511,35.25776404909788,0.9979665833433549
056.png,base,0.3169142045910879,20,20768,0.31689453125,5.305853299999853,5,,True,36.200618043847854,0.9056439196749803,36.06842899279361,0.9056890733841504
092.png,ft,0.3150763192760318,20,20648,0.3150634765625,12.328137599999991,4,,True,36.28433890721252,0.9984770659131348,35.750403100104585,0.9977459010590916
092.png,base,0.3150763192760318,20,20648,0.3150634765625,7.165589000000182,5,,True,34.99537717992715,0.932357880633349,34.84403368488678,0.942060291265828
075.png,ft,0.3065841102446245,19,20088,0.3065185546875,5.548347500000091,7,,True,36.46427657786367,0.9986027133515318,36.15274604051136,0.998192132148566
075.png,base,0.3065841102446245,19,20088,0.3065185546875,10.102622800000063,6,,True,36.84003576172856,0.9841277666004877,36.4565764110534,0.9628410403251472
159.png,ft,0.30414187390347136,19,19928,0.3040771484375,14.042960400000084,4,,True,36.57974144435165,0.998493758994993,36.03174404317035,0.9981042946437495
159.png,base,0.30414187390347136,19,19928,0.3040771484375,20.216269900000043,6,,True,35.203990296712256,0.9836675674880976,34.26739524043868,0.9725005285201639
130.png,ft,0.3024674972528845,19,19816,0.3023681640625,14.382492799999909,4,,True,36.5566063434182,0.9943394742859993,35.9356107377574,0.9933284989082548
130.png,base,0.3024674972528845,19,19816,0.3023681640625,4.129971500000011,4,,True,37.33754453610299,0.9585796502182189,36.86215347692542,0.9454774869750594
195.png,ft,0.3021489471804776,19,19800,0.3021240234375,17.214357400000154,3,,True,36.495910281436934,0.9838006204556912,35.716403528892606,0.9818341837092849
195.png,base,0.3021489471804776,19,19800,0.3021240234375,11.182374600000003,7,,True,35.70542450706043,0.9026449160970321,35.352416410692314,0.8867022166097384
