lambda_mid,lambda_anchor,avg_K,Images link
0,0,12.6,https://drive.google.com/drive/folders/1GKGosi4pzE_kuyxZMkktqHGdi2RvAa66?usp=sharing
0,0.1,11.8,https://drive.google.com/drive/folders/1EBqH0u5qh419IqFMlS1nI1s-uq3cDoLf?usp=sharing
0,0.5,7.8,https://drive.google.com/drive/folders/1mEnW_zueD5UiXljUHz1FuRP3ljs6ttld?usp=sharing
0,1,6.3,https://drive.google.com/drive/folders/1WIpk04pH5ebEQ7I_hHH16q2LA0X1l-Fi?usp=sharing
0,2,6,https://drive.google.com/drive/folders/1Qh6RNmud_J9sSx5FCYC3GMC8vHU5LeO_?usp=sharing
0.001,0,24.1,https://drive.google.com/drive/folders/1i3Qa3EZJ_sc6g3Yf3bVV4ndUZ13QZ2Ti?usp=sharing
0.001,0.1,23.9,https://drive.google.com/drive/folders/17uUqiNNQ5gFlKMoJF85V2EBVCBUgL2zd?usp=sharing
0.001,0.5,21,https://drive.google.com/drive/folders/1c0bQr_tVvwqt-jBfBW-_c1bT1UuiunGp?usp=sharing
0.001,1,20.2,https://drive.google.com/drive/folders/1bO7GwyPpxOduWD4yRYEp4Wuo3qaEFcNF?usp=sharing
0.001,2,19.9,https://drive.google.com/drive/folders/1hmo_03YbPfCajI5KtSwM71zFbDHuYlMx?usp=sharing
0.005,0,30.2,https://drive.google.com/drive/folders/1orf1163C3WaliY5vT1Lv2hgJdaL3TtNu?usp=sharing
0.005,0.1,29.6,https://drive.google.com/drive/folders/1KAzfU9Uif2Goyj00Lm8mHGlC17CV91l6?usp=sharing
0.005,0.5,25.2,https://drive.google.com/drive/folders/1IlhiXVX70u2n3kZNOn4VKNIWlvixzt-2?usp=sharing
0.005,1,22.3,https://drive.google.com/drive/folders/1Gz-MTmULV6-L3SLb_Bol0rx0KDQtab-0?usp=sharing
0.005,2,19,https://drive.google.com/drive/folders/1PyL_YlPYQ8ZSfXfejoqubgBdDaX7Kw35?usp=sharing
0.01,0,34.3,https://drive.google.com/drive/folders/1_PeHrB4ezrySL4WxHU6yXj3qpIn8bwJm?usp=sharing
0.01,0.1,33.6,https://drive.google.com/drive/folders/1sWfahn6LR1DnJt7329rIZVZHH_6RENZP?usp=sharing
0.01,0.5,28.5,https://drive.google.com/drive/folders/1k8e8NDso6wch_vXANGGIyhyDoLmUkHVD?usp=sharing
0.01,1,24.9,https://drive.google.com/drive/folders/1ay3hCrYny1kxy2LbPOq83RiKgzcfbzoD?usp=sharing
0.01,2,21.9,https://drive.google.com/drive/folders/16Gs_3r0SeIDPbvQ6BVxwNYGC41HU6pkB?usp=sharing
0.05,0,35.7,https://drive.google.com/drive/folders/1blhNpJV8c8pnjOEXOqSHAKWv9huLksRb?usp=sharing
0.05,0.1,35.7,https://drive.google.com/drive/folders/14CHRzJHBhjGTPcnOflpx0AvvWZyfYyfj?usp=sharing
0.05,0.5,34.8,https://drive.google.com/drive/folders/1FscnadUNXcRD4ruAD8v1fEXRkgHxV2tC?usp=sharing
0.05,1,33.7,https://drive.google.com/drive/folders/1PXVPggb_3cHk-N7GWEM1H1g1rZkIur52?usp=sharing
0.05,2,29.7,https://drive.google.com/drive/folders/1CI6I_EFJYDMlCegQhywnXVrhF3YomhV-?usp=sharing
0.1,0,36.9,https://drive.google.com/drive/folders/1F6oeuDmZ7_FwU1pQofptkzgfOmR_c-8b?usp=sharing
0.1,0.1,37.1,https://drive.google.com/drive/folders/1KhHfvDgKAmHizwiP5ClXdwsZgpTccJFy?usp=sharing
0.1,0.5,36.8,https://drive.google.com/drive/folders/1Hqr7MZo1cwTK2We4ClckIZG-L8IOJnVK?usp=sharing
0.1,1,36.6,https://drive.google.com/drive/folders/1yOBiTYG9yFj0mc0GQBi82F9yLJjK9qMt?usp=sharing
0.1,2,32.9,https://drive.google.com/drive/folders/1akdOB9pysOMwSQgzZAsxNVLZlt9Wh5qm?usp=sharing