image,set,mean_eligible,K,fallback,capacity_bits,capacity_bpp
000.png,base,0.0958904109589041,24,True,25550,0.389862060546875
000.png,ft,13.89041095890411,19,False,20440,0.3118896484375
001.png,base,0.4882583170254403,24,True,25550,0.389862060546875
001.png,ft,15.066536203522505,22,False,23506,0.358673095703125
002.png,base,1.149706457925636,1,False,2044,0.03118896484375
002.png,ft,15.937377690802348,22,False,23506,0.358673095703125
003.png,base,0.6409001956947162,24,True,25550,0.389862060546875
003.png,ft,15.356164383561644,22,False,23506,0.358673095703125
004.png,base,1.7524461839530332,1,False,2044,0.03118896484375
004.png,ft,16.632093933463796,24,False,25550,0.389862060546875
005.png,base,0.5929549902152642,24,True,25550,0.389862060546875
005.png,ft,14.860078277886497,21,False,22484,0.34307861328125
006.png,base,0.8571428571428571,24,True,25550,0.389862060546875
006.png,ft,18.113502935420744,27,False,28616,0.4366455078125
007.png,base,2.3003913894324852,3,False,4088,0.0623779296875
007.png,ft,19.439334637964777,28,False,29638,0.452239990234375
008.png,base,0.41193737769080235,24,True,25550,0.389862060546875
008.png,ft,15.938356164383562,22,False,23506,0.358673095703125
009.png,base,0.36007827788649704,24,True,25550,0.389862060546875
009.png,ft,16.341487279843445,24,False,25550,0.389862060546875
010.png,base,2.0909980430528377,3,False,4088,0.0623779296875
010.png,ft,17.598825831702545,25,False,26572,0.40545654296875
011.png,base,1.187866927592955,1,False,2044,0.03118896484375
011.png,ft,19.89628180039139,28,False,29638,0.452239990234375
012.png,base,1.898238747553816,1,False,2044,0.03118896484375
012.png,ft,16.83953033268102,24,False,25550,0.389862060546875
013.png,base,0.7798434442270059,24,True,25550,0.389862060546875
013.png,ft,15.194716242661448,22,False,23506,0.358673095703125
014.png,base,1.9197651663405089,1,False,2044,0.03118896484375
014.png,ft,17.655577299412915,25,False,26572,0.40545654296875
015.png,base,2.6252446183953033,3,False,4088,0.0623779296875
015.png,ft,16.164383561643834,24,False,25550,0.389862060546875
016.png,base,1.0694716242661448,1,False,2044,0.03118896484375
016.png,ft,16.655577299412915,24,False,25550,0.389862060546875
017.png,base,1.8747553816046967,1,False,2044,0.03118896484375
017.png,ft,20.71526418786693,30,False,31682,0.483428955078125
018.png,base,1.7211350293542074,1,False,2044,0.03118896484375
018.png,ft,16.598825831702545,24,False,25550,0.389862060546875
019.png,base,1.8082191780821917,1,False,2044,0.03118896484375
019.png,ft,14.167318982387476,21,False,22484,0.34307861328125
020.png,base,2.0587084148727985,3,False,4088,0.0623779296875
020.png,ft,17.11252446183953,25,False,26572,0.40545654296875
021.png,base,1.4530332681017613,1,False,2044,0.03118896484375
021.png,ft,15.655577299412915,22,False,23506,0.358673095703125
022.png,base,1.5362035225048924,1,False,2044,0.03118896484375
022.png,ft,13.705479452054794,19,False,20440,0.3118896484375
023.png,base,2.275929549902153,3,False,4088,0.0623779296875
023.png,ft,18.337573385518592,27,False,28616,0.4366455078125
024.png,base,1.738747553816047,1,False,2044,0.03118896484375
024.png,ft,21.116438356164384,31,False,32704,0.4990234375
025.png,base,0.6761252446183953,24,True,25550,0.389862060546875
025.png,ft,15.163405088062623,22,False,23506,0.358673095703125
026.png,base,4.937377690802348,6,False,7154,0.109161376953125
026.png,ft,20.810176125244617,30,False,31682,0.483428955078125
027.png,base,3.4344422700587085,4,False,5110,0.077972412109375
027.png,ft,19.574363992172213,28,False,29638,0.452239990234375
028.png,base,1.8454011741682974,1,False,2044,0.03118896484375
028.png,ft,20.29354207436399,30,False,31682,0.483428955078125
029.png,base,0.43737769080234834,24,True,25550,0.389862060546875
029.png,ft,16.955968688845402,24,False,25550,0.389862060546875
030.png,base,1.3013698630136987,1,False,2044,0.03118896484375
030.png,ft,20.05675146771037,30,False,31682,0.483428955078125
031.png,base,0.9060665362035225,24,True,25550,0.389862060546875
031.png,ft,12.685909980430528,18,False,19418,0.296295166015625
032.png,base,1.0802348336594911,1,False,2044,0.03118896484375
032.png,ft,18.9853228962818,27,False,28616,0.4366455078125
033.png,base,0.25244618395303325,24,True,25550,0.389862060546875
033.png,ft,9.230919765166341,13,False,14308,0.21832275390625
034.png,base,0.5577299412915852,24,True,25550,0.389862060546875
034.png,ft,13.559686888454012,19,False,20440,0.3118896484375
035.png,base,4.951076320939334,6,False,7154,0.109161376953125
035.png,ft,18.87866927592955,27,False,28616,0.4366455078125
036.png,base,1.9158512720156555,1,False,2044,0.03118896484375
036.png,ft,18.659491193737768,27,False,28616,0.4366455078125
037.png,base,0.5626223091976517,24,True,25550,0.389862060546875
037.png,ft,13.185909980430528,19,False,20440,0.3118896484375
038.png,base,1.3894324853228963,1,False,2044,0.03118896484375
038.png,ft,17.428571428571427,25,False,26572,0.40545654296875
039.png,base,0.48336594911937375,24,True,25550,0.389862060546875
039.png,ft,15.84050880626223,22,False,23506,0.358673095703125
040.png,base,3.6007827788649704,4,False,5110,0.077972412109375
040.png,ft,14.803326810176126,21,False,22484,0.34307861328125
041.png,base,5.3101761252446185,7,False,8176,0.124755859375
041.png,ft,23.074363992172213,34,False,35770,0.545806884765625
042.png,base,1.2338551859099804,1,False,2044,0.03118896484375
042.png,ft,17.94324853228963,25,False,26572,0.40545654296875
043.png,base,1.1027397260273972,1,False,2044,0.03118896484375
043.png,ft,16.95499021526419,24,False,25550,0.389862060546875
044.png,base,2.4706457925636007,3,False,4088,0.0623779296875
044.png,ft,18.246575342465754,27,False,28616,0.4366455078125
045.png,base,0.923679060665362,24,True,25550,0.389862060546875
045.png,ft,13.995107632093934,19,False,20440,0.3118896484375
046.png,base,0.9471624266144814,24,True,25550,0.389862060546875
046.png,ft,20.14187866927593,30,False,31682,0.483428955078125
047.png,base,1.6125244618395302,1,False,2044,0.03118896484375
047.png,ft,19.395303326810176,28,False,29638,0.452239990234375
048.png,base,1.8864970645792563,1,False,2044,0.03118896484375
048.png,ft,18.591976516634052,27,False,28616,0.4366455078125
049.png,base,1.073385518590998,1,False,2044,0.03118896484375
049.png,ft,14.983365949119374,21,False,22484,0.34307861328125
050.png,base,2.3170254403131114,3,False,4088,0.0623779296875
050.png,ft,17.80528375733855,25,False,26572,0.40545654296875
051.png,base,0.27299412915851273,24,True,25550,0.389862060546875
051.png,ft,15.58317025440313,22,False,23506,0.358673095703125
052.png,base,0.18101761252446183,24,True,25550,0.389862060546875
052.png,ft,13.57729941291585,19,False,20440,0.3118896484375
053.png,base,0.08512720156555773,24,True,25550,0.389862060546875
053.png,ft,12.206457925636007,18,False,19418,0.296295166015625
054.png,base,2.4217221135029354,3,False,4088,0.0623779296875
054.png,ft,20.132093933463796,30,False,31682,0.483428955078125
055.png,base,0.6135029354207436,24,True,25550,0.389862060546875
055.png,ft,13.807240704500979,19,False,20440,0.3118896484375
056.png,base,0.62426614481409,24,True,25550,0.389862060546875
056.png,ft,15.199608610567514,22,False,23506,0.358673095703125
057.png,base,1.7954990215264188,1,False,2044,0.03118896484375
057.png,ft,17.797455968688844,25,False,26572,0.40545654296875
058.png,base,0.815068493150685,24,True,25550,0.389862060546875
058.png,ft,15.33170254403131,22,False,23506,0.358673095703125
059.png,base,0.5166340508806262,24,True,25550,0.389862060546875
059.png,ft,15.085127201565557,22,False,23506,0.358673095703125
060.png,base,0.8786692759295499,24,True,25550,0.389862060546875
060.png,ft,16.67514677103718,24,False,25550,0.389862060546875
061.png,base,2.099804305283757,3,False,4088,0.0623779296875
061.png,ft,18.331702544031312,27,False,28616,0.4366455078125
062.png,base,1.5772994129158513,1,False,2044,0.03118896484375
062.png,ft,18.52054794520548,27,False,28616,0.4366455078125
063.png,base,1.1947162426614482,1,False,2044,0.03118896484375
063.png,ft,14.774951076320939,21,False,22484,0.34307861328125
064.png,base,0.11839530332681017,24,True,25550,0.389862060546875
064.png,ft,12.440313111545988,18,False,19418,0.296295166015625
065.png,base,0.4080234833659491,24,True,25550,0.389862060546875
065.png,ft,15.223091976516635,22,False,23506,0.358673095703125
066.png,base,1.6193737769080234,1,False,2044,0.03118896484375
066.png,ft,15.318003913894325,22,False,23506,0.358673095703125
067.png,base,2.11545988258317,3,False,4088,0.0623779296875
067.png,ft,13.876712328767123,19,False,20440,0.3118896484375
068.png,base,2.601761252446184,3,False,4088,0.0623779296875
068.png,ft,16.84637964774951,24,False,25550,0.389862060546875
069.png,base,0.21135029354207435,24,True,25550,0.389862060546875
069.png,ft,13.729941291585128,19,False,20440,0.3118896484375
070.png,base,1.484344422700587,1,False,2044,0.03118896484375
070.png,ft,17.44618395303327,25,False,26572,0.40545654296875
071.png,base,0.06164383561643835,24,True,25550,0.389862060546875
071.png,ft,13.323874755381604,19,False,20440,0.3118896484375
072.png,base,0.34540117416829746,24,True,25550,0.389862060546875
072.png,ft,12.749510763209393,18,False,19418,0.296295166015625
073.png,base,3.2152641878669277,4,False,5110,0.077972412109375
073.png,ft,21.557729941291583,31,False,32704,0.4990234375
074.png,base,1.0078277886497065,1,False,2044,0.03118896484375
074.png,ft,17.54794520547945,25,False,26572,0.40545654296875
075.png,base,0.7827788649706457,24,True,25550,0.389862060546875
075.png,ft,14.29549902152642,21,False,22484,0.34307861328125
076.png,base,2.388454011741683,3,False,4088,0.0623779296875
076.png,ft,15.848336594911938,22,False,23506,0.358673095703125
077.png,base,7.040117416829745,10,False,11242,0.171539306640625
077.png,ft,23.099804305283758,34,False,35770,0.545806884765625
078.png,base,1.4863013698630136,1,False,2044,0.03118896484375
078.png,ft,16.592954990215265,24,False,25550,0.389862060546875
079.png,base,1.6252446183953033,1,False,2044,0.03118896484375
079.png,ft,14.360078277886497,21,False,22484,0.34307861328125
080.png,base,1.7690802348336594,1,False,2044,0.03118896484375
080.png,ft,17.838551859099805,25,False,26572,0.40545654296875
081.png,base,3.98825831702544,4,False,5110,0.077972412109375
081.png,ft,18.454011741682976,27,False,28616,0.4366455078125
082.png,base,3.7534246575342465,4,False,5110,0.077972412109375
082.png,ft,18.465753424657535,27,False,28616,0.4366455078125
083.png,base,1.5244618395303327,1,False,2044,0.03118896484375
083.png,ft,17.250489236790607,25,False,26572,0.40545654296875
084.png,base,2.2348336594911937,3,False,4088,0.0623779296875
084.png,ft,16.18101761252446,24,False,25550,0.389862060546875
085.png,base,2.88454011741683,3,False,4088,0.0623779296875
085.png,ft,19.351272015655578,28,False,29638,0.452239990234375
086.png,base,0.6438356164383562,24,True,25550,0.389862060546875
086.png,ft,12.224070450097848,18,False,19418,0.296295166015625
087.png,base,1.2573385518590998,1,False,2044,0.03118896484375
087.png,ft,15.062622309197652,22,False,23506,0.358673095703125
088.png,base,0.7113502935420744,24,True,25550,0.389862060546875
088.png,ft,14.550880626223092,21,False,22484,0.34307861328125
089.png,base,0.7240704500978473,24,True,25550,0.389862060546875
089.png,ft,13.228962818003914,19,False,20440,0.3118896484375
090.png,base,0.5185909980430529,24,True,25550,0.389862060546875
090.png,ft,17.741682974559687,25,False,26572,0.40545654296875
091.png,base,0.538160469667319,24,True,25550,0.389862060546875
091.png,ft,13.608610567514678,19,False,20440,0.3118896484375
092.png,base,1.0019569471624266,1,False,2044,0.03118896484375
092.png,ft,16.217221135029355,24,False,25550,0.389862060546875
093.png,base,5.788649706457925,7,False,8176,0.124755859375
093.png,ft,21.464774951076322,31,False,32704,0.4990234375
094.png,base,1.6790606653620352,1,False,2044,0.03118896484375
094.png,ft,16.143835616438356,24,False,25550,0.389862060546875
095.png,base,2.7221135029354206,3,False,4088,0.0623779296875
095.png,ft,18.806262230919764,27,False,28616,0.4366455078125
096.png,base,2.267123287671233,3,False,4088,0.0623779296875
096.png,ft,16.876712328767123,24,False,25550,0.389862060546875
097.png,base,1.1712328767123288,1,False,2044,0.03118896484375
097.png,ft,14.971624266144815,21,False,22484,0.34307861328125
098.png,base,2.3013698630136985,3,False,4088,0.0623779296875
098.png,ft,18.6545988258317,27,False,28616,0.4366455078125
099.png,base,1.5352250489236792,1,False,2044,0.03118896484375
099.png,ft,17.49119373776908,25,False,26572,0.40545654296875
100.png,base,0.02054794520547945,24,True,25550,0.389862060546875
100.png,ft,11.271037181996086,16,False,17374,0.265106201171875
101.png,base,1.4060665362035225,1,False,2044,0.03118896484375
101.png,ft,16.65068493150685,24,False,25550,0.389862060546875
102.png,base,0.45499021526418787,24,True,25550,0.389862060546875
102.png,ft,12.545988258317026,18,False,19418,0.296295166015625
103.png,base,1.0401174168297456,1,False,2044,0.03118896484375
103.png,ft,12.227984344422701,18,False,19418,0.296295166015625
104.png,base,1.446183953033268,1,False,2044,0.03118896484375
104.png,ft,19.271037181996086,28,False,29638,0.452239990234375
105.png,base,0.6545988258317026,24,True,25550,0.389862060546875
105.png,ft,18.95499021526419,27,False,28616,0.4366455078125
106.png,base,1.321917808219178,1,False,2044,0.03118896484375
106.png,ft,12.9559686888454,18,False,19418,0.296295166015625
107.png,base,0.34344422700587085,24,True,25550,0.389862060546875
107.png,ft,13.62133072407045,19,False,20440,0.3118896484375
108.png,base,4.4275929549902155,6,False,7154,0.109161376953125
108.png,ft,19.410958904109588,28,False,29638,0.452239990234375
109.png,base,1.2592954990215264,1,False,2044,0.03118896484375
109.png,ft,17.515655577299412,25,False,26572,0.40545654296875
110.png,base,1.00587084148728,1,False,2044,0.03118896484375
110.png,ft,15.602739726027398,22,False,23506,0.358673095703125
111.png,base,2.7544031311154598,3,False,4088,0.0623779296875
111.png,ft,18.934442270058707,27,False,28616,0.4366455078125
112.png,base,0.8111545988258317,24,True,25550,0.389862060546875
112.png,ft,16.954011741682976,24,False,25550,0.389862060546875
113.png,base,0.30528375733855184,24,True,25550,0.389862060546875
113.png,ft,14.61252446183953,21,False,22484,0.34307861328125
114.png,base,2.958904109589041,3,False,4088,0.0623779296875
114.png,ft,20.66046966731898,30,False,31682,0.483428955078125
115.png,base,1.1467710371819961,1,False,2044,0.03118896484375
115.png,ft,15.87279843444227,22,False,23506,0.358673095703125
116.png,base,0.6839530332681018,24,True,25550,0.389862060546875
116.png,ft,15.607632093933464,22,False,23506,0.358673095703125
117.png,base,0.30919765166340507,24,True,25550,0.389862060546875
117.png,ft,14.846379647749512,21,False,22484,0.34307861328125
118.png,base,0.6575342465753424,24,True,25550,0.389862060546875
118.png,ft,15.507827788649706,22,False,23506,0.358673095703125
119.png,base,0.44422700587084146,24,True,25550,0.389862060546875
119.png,ft,14.417808219178083,21,False,22484,0.34307861328125
120.png,base,0.9530332681017613,24,True,25550,0.389862060546875
120.png,ft,18.54500978473581,27,False,28616,0.4366455078125
121.png,base,4.363992172211351,6,False,7154,0.109161376953125
121.png,ft,20.635029354207436,30,False,31682,0.483428955078125
122.png,base,4.546966731898239,6,False,7154,0.109161376953125
122.png,ft,18.59491193737769,27,False,28616,0.4366455078125
123.png,base,1.4970645792563602,1,False,2044,0.03118896484375
123.png,ft,18.750489236790607,27,False,28616,0.4366455078125
124.png,base,0.005870841487279843,24,True,25550,0.389862060546875
124.png,ft,7.351272015655577,10,False,11242,0.171539306640625
125.png,base,0.4569471624266145,24,True,25550,0.389862060546875
125.png,ft,14.86399217221135,21,False,22484,0.34307861328125
126.png,base,1.00587084148728,1,False,2044,0.03118896484375
126.png,ft,16.94618395303327,24,False,25550,0.389862060546875
127.png,base,4.428571428571429,6,False,7154,0.109161376953125
127.png,ft,21.599804305283758,31,False,32704,0.4990234375
128.png,base,1.9735812133072408,1,False,2044,0.03118896484375
128.png,ft,18.344422700587085,27,False,28616,0.4366455078125
129.png,base,1.2759295499021526,1,False,2044,0.03118896484375
129.png,ft,18.123287671232877,27,False,28616,0.4366455078125
130.png,base,0.1771037181996086,24,True,25550,0.389862060546875
130.png,ft,13.758317025440313,19,False,20440,0.3118896484375
131.png,base,0.9686888454011742,24,True,25550,0.389862060546875
131.png,ft,13.756360078277886,19,False,20440,0.3118896484375
132.png,base,0.5596868884540117,24,True,25550,0.389862060546875
132.png,ft,17.727005870841488,25,False,26572,0.40545654296875
133.png,base,2.7093933463796476,3,False,4088,0.0623779296875
133.png,ft,17.91780821917808,25,False,26572,0.40545654296875
134.png,base,0.9090019569471625,24,True,25550,0.389862060546875
134.png,ft,13.867906066536204,19,False,20440,0.3118896484375
135.png,base,1.3796477495107633,1,False,2044,0.03118896484375
135.png,ft,17.857142857142858,25,False,26572,0.40545654296875
136.png,base,0.8033268101761253,24,True,25550,0.389862060546875
136.png,ft,14.068493150684931,21,False,22484,0.34307861328125
137.png,base,0.44031311154598823,24,True,25550,0.389862060546875
137.png,ft,14.205479452054794,21,False,22484,0.34307861328125
138.png,base,0.1888454011741683,24,True,25550,0.389862060546875
138.png,ft,16.4119373776908,24,False,25550,0.389862060546875
139.png,base,5.330724070450098,7,False,8176,0.124755859375
139.png,ft,18.72211350293542,27,False,28616,0.4366455078125
140.png,base,2.939334637964775,3,False,4088,0.0623779296875
140.png,ft,15.725048923679061,22,False,23506,0.358673095703125
141.png,base,2.5420743639921723,3,False,4088,0.0623779296875
141.png,ft,16.528375733855185,24,False,25550,0.389862060546875
142.png,base,1.5890410958904109,1,False,2044,0.03118896484375
142.png,ft,15.95303326810176,22,False,23506,0.358673095703125
143.png,base,4.293542074363992,6,False,7154,0.109161376953125
143.png,ft,18.024461839530332,27,False,28616,0.4366455078125
144.png,base,0.8610567514677103,24,True,25550,0.389862060546875
144.png,ft,15.190802348336595,22,False,23506,0.358673095703125
145.png,base,0.31409001956947163,24,True,25550,0.389862060546875
145.png,ft,12.96477495107632,18,False,19418,0.296295166015625
146.png,base,1.2397260273972603,1,False,2044,0.03118896484375
146.png,ft,15.547945205479452,22,False,23506,0.358673095703125
147.png,base,1.5205479452054795,1,False,2044,0.03118896484375
147.png,ft,16.72113502935421,24,False,25550,0.389862060546875
148.png,base,0.6223091976516634,24,True,25550,0.389862060546875
148.png,ft,11.49706457925636,16,False,17374,0.265106201171875
149.png,base,2.6125244618395302,3,False,4088,0.0623779296875
149.png,ft,19.66340508806262,28,False,29638,0.452239990234375
150.png,base,1.3522504892367906,1,False,2044,0.03118896484375
150.png,ft,16.825831702544033,24,False,25550,0.389862060546875
151.png,base,1.022504892367906,1,False,2044,0.03118896484375
151.png,ft,15.924657534246576,22,False,23506,0.358673095703125
152.png,base,1.00587084148728,1,False,2044,0.03118896484375
152.png,ft,17.158512720156555,25,False,26572,0.40545654296875
153.png,base,0.4080234833659491,24,True,25550,0.389862060546875
153.png,ft,12.574363992172211,18,False,19418,0.296295166015625
154.png,base,2.2739726027397262,3,False,4088,0.0623779296875
154.png,ft,15.00880626223092,22,False,23506,0.358673095703125
155.png,base,1.2857142857142858,1,False,2044,0.03118896484375
155.png,ft,14.362035225048924,21,False,22484,0.34307861328125
156.png,base,1.5136986301369864,1,False,2044,0.03118896484375
156.png,ft,18.79060665362035,27,False,28616,0.4366455078125
157.png,base,5.178082191780822,7,False,8176,0.124755859375
157.png,ft,21.926614481409,31,False,32704,0.4990234375
158.png,base,0.9471624266144814,24,True,25550,0.389862060546875
158.png,ft,17.208414872798436,25,False,26572,0.40545654296875
159.png,base,2.4021526418786694,3,False,4088,0.0623779296875
159.png,ft,19.152641878669275,28,False,29638,0.452239990234375
160.png,base,0.7710371819960861,24,True,25550,0.389862060546875
160.png,ft,16.37279843444227,24,False,25550,0.389862060546875
161.png,base,2.0909980430528377,3,False,4088,0.0623779296875
161.png,ft,18.117416829745597,27,False,28616,0.4366455078125
162.png,base,3.771037181996086,4,False,5110,0.077972412109375
162.png,ft,18.37866927592955,27,False,28616,0.4366455078125
163.png,base,3.761252446183953,4,False,5110,0.077972412109375
163.png,ft,18.84344422700587,27,False,28616,0.4366455078125
164.png,base,2.024461839530333,3,False,4088,0.0623779296875
164.png,ft,18.146771037181995,27,False,28616,0.4366455078125
165.png,base,3.0,4,False,5110,0.077972412109375
165.png,ft,19.18884540117417,28,False,29638,0.452239990234375
166.png,base,2.2142857142857144,3,False,4088,0.0623779296875
166.png,ft,17.87866927592955,25,False,26572,0.40545654296875
167.png,base,2.1457925636007826,3,False,4088,0.0623779296875
167.png,ft,18.471624266144815,27,False,28616,0.4366455078125
168.png,base,0.8639921722113503,24,True,25550,0.389862060546875
168.png,ft,14.477495107632095,21,False,22484,0.34307861328125
169.png,base,1.4814090019569472,1,False,2044,0.03118896484375
169.png,ft,15.480430528375734,22,False,23506,0.358673095703125
170.png,base,0.13894324853228962,24,True,25550,0.389862060546875
170.png,ft,13.590998043052837,19,False,20440,0.3118896484375
171.png,base,3.6448140900195694,4,False,5110,0.077972412109375
171.png,ft,21.255381604696673,31,False,32704,0.4990234375
172.png,base,1.4892367906066537,1,False,2044,0.03118896484375
172.png,ft,13.512720156555773,19,False,20440,0.3118896484375
173.png,base,0.3512720156555773,24,True,25550,0.389862060546875
173.png,ft,15.164383561643836,22,False,23506,0.358673095703125
174.png,base,1.6585127201565557,1,False,2044,0.03118896484375
174.png,ft,18.142857142857142,27,False,28616,0.4366455078125
175.png,base,1.582191780821918,1,False,2044,0.03118896484375
175.png,ft,17.057729941291583,25,False,26572,0.40545654296875
176.png,base,1.1360078277886496,1,False,2044,0.03118896484375
176.png,ft,13.584148727984344,19,False,20440,0.3118896484375
177.png,base,0.26810176125244617,24,True,25550,0.389862060546875
177.png,ft,13.397260273972602,19,False,20440,0.3118896484375
178.png,base,1.0048923679060666,1,False,2044,0.03118896484375
178.png,ft,15.772994129158512,22,False,23506,0.358673095703125
179.png,base,1.5528375733855186,1,False,2044,0.03118896484375
179.png,ft,16.507827788649706,24,False,25550,0.389862060546875
180.png,base,3.776908023483366,4,False,5110,0.077972412109375
180.png,ft,17.496086105675147,25,False,26572,0.40545654296875
181.png,base,0.030332681017612523,24,True,25550,0.389862060546875
181.png,ft,8.4853228962818,12,False,13286,0.202728271484375
182.png,base,0.8688845401174168,24,True,25550,0.389862060546875
182.png,ft,17.448140900195696,25,False,26572,0.40545654296875
183.png,base,1.901174168297456,1,False,2044,0.03118896484375
183.png,ft,19.92954990215264,28,False,29638,0.452239990234375
184.png,base,2.4256360078277885,3,False,4088,0.0623779296875
184.png,ft,17.099804305283758,25,False,26572,0.40545654296875
185.png,base,0.4090019569471624,24,True,25550,0.389862060546875
185.png,ft,12.267123287671232,18,False,19418,0.296295166015625
186.png,base,2.006849315068493,3,False,4088,0.0623779296875
186.png,ft,16.79060665362035,24,False,25550,0.389862060546875
187.png,base,1.235812133072407,1,False,2044,0.03118896484375
187.png,ft,15.132093933463796,22,False,23506,0.358673095703125
188.png,base,5.212328767123288,7,False,8176,0.124755859375
188.png,ft,20.371819960861057,30,False,31682,0.483428955078125
189.png,base,0.42367906066536204,24,True,25550,0.389862060546875
189.png,ft,14.803326810176126,21,False,22484,0.34307861328125
190.png,base,1.2318982387475539,1,False,2044,0.03118896484375
190.png,ft,17.859099804305284,25,False,26572,0.40545654296875
191.png,base,0.9354207436399217,24,True,25550,0.389862060546875
191.png,ft,14.925636007827789,21,False,22484,0.34307861328125
192.png,base,0.6741682974559687,24,True,25550,0.389862060546875
192.png,ft,13.12426614481409,19,False,20440,0.3118896484375
193.png,base,4.823874755381604,6,False,7154,0.109161376953125
193.png,ft,19.504892367906066,28,False,29638,0.452239990234375
194.png,base,0.5538160469667319,24,True,25550,0.389862060546875
194.png,ft,17.0880626223092,25,False,26572,0.40545654296875
195.png,base,2.2984344422700587,3,False,4088,0.0623779296875
195.png,ft,22.480430528375734,33,False,34748,0.53021240234375
196.png,base,3.352250489236791,4,False,5110,0.077972412109375
196.png,ft,22.60665362035225,33,False,34748,0.53021240234375
197.png,base,0.4726027397260274,24,True,25550,0.389862060546875
197.png,ft,12.717221135029353,18,False,19418,0.296295166015625
198.png,base,0.47847358121330724,24,True,25550,0.389862060546875
198.png,ft,17.272994129158512,25,False,26572,0.40545654296875
199.png,base,2.289628180039139,3,False,4088,0.0623779296875
199.png,ft,18.220156555772995,27,False,28616,0.4366455078125
200.png,base,0.7211350293542075,24,True,25550,0.389862060546875
200.png,ft,19.13600782778865,28,False,29638,0.452239990234375
201.png,base,0.5342465753424658,24,True,25550,0.389862060546875
201.png,ft,13.989236790606654,19,False,20440,0.3118896484375
202.png,base,0.812133072407045,24,True,25550,0.389862060546875
202.png,ft,19.595890410958905,28,False,29638,0.452239990234375
203.png,base,1.2808219178082192,1,False,2044,0.03118896484375
203.png,ft,13.959882583170254,19,False,20440,0.3118896484375
204.png,base,1.1692759295499022,1,False,2044,0.03118896484375
204.png,ft,12.75440313111546,18,False,19418,0.296295166015625
205.png,base,0.3395303326810176,24,True,25550,0.389862060546875
205.png,ft,12.341487279843443,18,False,19418,0.296295166015625
206.png,base,0.17221135029354206,24,True,25550,0.389862060546875
206.png,ft,17.37573385518591,25,False,26572,0.40545654296875
207.png,base,1.9990215264187867,1,False,2044,0.03118896484375
207.png,ft,14.819960861056751,21,False,22484,0.34307861328125
208.png,base,1.1135029354207437,1,False,2044,0.03118896484375
208.png,ft,15.687866927592955,22,False,23506,0.358673095703125
209.png,base,0.5244618395303327,24,True,25550,0.389862060546875
209.png,ft,15.41976516634051,22,False,23506,0.358673095703125
210.png,base,1.9911937377690803,1,False,2044,0.03118896484375
210.png,ft,19.2279843444227,28,False,29638,0.452239990234375
211.png,base,1.6888454011741683,1,False,2044,0.03118896484375
211.png,ft,17.632093933463796,25,False,26572,0.40545654296875
212.png,base,1.471624266144814,1,False,2044,0.03118896484375
212.png,ft,14.447162426614481,21,False,22484,0.34307861328125
213.png,base,1.3228962818003913,1,False,2044,0.03118896484375
213.png,ft,14.974559686888455,21,False,22484,0.34307861328125
214.png,base,4.597847358121331,6,False,7154,0.109161376953125
214.png,ft,21.058708414872797,31,False,32704,0.4990234375
215.png,base,0.18297455968688844,24,True,25550,0.389862060546875
215.png,ft,12.134050880626223,18,False,19418,0.296295166015625
216.png,base,3.3610567514677103,4,False,5110,0.077972412109375
216.png,ft,18.227005870841488,27,False,28616,0.4366455078125
217.png,base,1.2377690802348336,1,False,2044,0.03118896484375
217.png,ft,16.614481409001957,24,False,25550,0.389862060546875
218.png,base,1.7778864970645794,1,False,2044,0.03118896484375
218.png,ft,16.673189823874754,24,False,25550,0.389862060546875
219.png,base,1.490215264187867,1,False,2044,0.03118896484375
219.png,ft,16.20058708414873,24,False,25550,0.389862060546875
220.png,base,6.357142857142857,9,False,10220,0.15594482421875
220.png,ft,20.616438356164384,30,False,31682,0.483428955078125
221.png,base,2.0136986301369864,3,False,4088,0.0623779296875
221.png,ft,19.081213307240706,28,False,29638,0.452239990234375
222.png,base,0.3111545988258317,24,True,25550,0.389862060546875
222.png,ft,12.443248532289628,18,False,19418,0.296295166015625
223.png,base,4.1399217221135025,6,False,7154,0.109161376953125
223.png,ft,17.771037181996086,25,False,26572,0.40545654296875
224.png,base,0.3933463796477495,24,True,25550,0.389862060546875
224.png,ft,15.173189823874756,22,False,23506,0.358673095703125
225.png,base,1.0117416829745598,1,False,2044,0.03118896484375
225.png,ft,12.386497064579256,18,False,19418,0.296295166015625
226.png,base,4.091976516634051,6,False,7154,0.109161376953125
226.png,ft,20.60665362035225,30,False,31682,0.483428955078125
227.png,base,1.417808219178082,1,False,2044,0.03118896484375
227.png,ft,17.51174168297456,25,False,26572,0.40545654296875
228.png,base,4.780821917808219,6,False,7154,0.109161376953125
228.png,ft,21.110567514677104,31,False,32704,0.4990234375
229.png,base,0.639921722113503,24,True,25550,0.389862060546875
229.png,ft,14.63013698630137,21,False,22484,0.34307861328125
230.png,base,5.079256360078278,7,False,8176,0.124755859375
230.png,ft,18.44618395303327,27,False,28616,0.4366455078125
231.png,base,1.8874755381604698,1,False,2044,0.03118896484375
231.png,ft,14.657534246575343,21,False,22484,0.34307861328125
232.png,base,1.3483365949119375,1,False,2044,0.03118896484375
232.png,ft,17.701565557729943,25,False,26572,0.40545654296875
233.png,base,2.5185909980430528,3,False,4088,0.0623779296875
233.png,ft,22.3454011741683,33,False,34748,0.53021240234375
234.png,base,1.4109589041095891,1,False,2044,0.03118896484375
234.png,ft,22.889432485322896,33,False,34748,0.53021240234375
235.png,base,0.45107632093933464,24,True,25550,0.389862060546875
235.png,ft,15.432485322896282,22,False,23506,0.358673095703125
236.png,base,1.525440313111546,1,False,2044,0.03118896484375
236.png,ft,19.283757338551858,28,False,29638,0.452239990234375
237.png,base,0.4774951076320939,24,True,25550,0.389862060546875
237.png,ft,14.812133072407045,21,False,22484,0.34307861328125
238.png,base,0.9540117416829745,24,True,25550,0.389862060546875
238.png,ft,15.83463796477495,22,False,23506,0.358673095703125
239.png,base,0.7377690802348337,24,True,25550,0.389862060546875
239.png,ft,15.952054794520548,22,False,23506,0.358673095703125
240.png,base,0.5332681017612525,24,True,25550,0.389862060546875
240.png,ft,13.724070450097848,19,False,20440,0.3118896484375
241.png,base,0.4050880626223092,24,True,25550,0.389862060546875
241.png,ft,17.445205479452056,25,False,26572,0.40545654296875
242.png,base,1.7495107632093934,1,False,2044,0.03118896484375
242.png,ft,18.29647749510763,27,False,28616,0.4366455078125
243.png,base,1.36986301369863,1,False,2044,0.03118896484375
243.png,ft,15.529354207436398,22,False,23506,0.358673095703125
244.png,base,0.4246575342465753,24,True,25550,0.389862060546875
244.png,ft,14.279843444227005,21,False,22484,0.34307861328125
245.png,base,0.06555772994129158,24,True,25550,0.389862060546875
245.png,ft,13.064579256360078,19,False,20440,0.3118896484375
246.png,base,2.0753424657534247,3,False,4088,0.0623779296875
246.png,ft,21.60371819960861,31,False,32704,0.4990234375
247.png,base,0.337573385518591,24,True,25550,0.389862060546875
247.png,ft,14.504892367906066,21,False,22484,0.34307861328125
248.png,base,0.3219178082191781,24,True,25550,0.389862060546875
248.png,ft,10.350293542074365,15,False,16352,0.24951171875
249.png,base,2.0655577299412915,3,False,4088,0.0623779296875
249.png,ft,16.282778864970645,24,False,25550,0.389862060546875
250.png,base,0.738747553816047,24,True,25550,0.389862060546875
250.png,ft,18.97651663405088,27,False,28616,0.4366455078125
251.png,base,0.9892367906066536,24,True,25550,0.389862060546875
251.png,ft,17.729941291585128,25,False,26572,0.40545654296875
252.png,base,0.28180039138943247,24,True,25550,0.389862060546875
252.png,ft,10.959882583170254,15,False,16352,0.24951171875
253.png,base,2.6301369863013697,3,False,4088,0.0623779296875
253.png,ft,18.28180039138943,27,False,28616,0.4366455078125
254.png,base,1.1291585127201567,1,False,2044,0.03118896484375
254.png,ft,17.98238747553816,25,False,26572,0.40545654296875
255.png,base,0.9227005870841487,24,True,25550,0.389862060546875
255.png,ft,15.330724070450097,22,False,23506,0.358673095703125
256.png,base,2.599804305283757,3,False,4088,0.0623779296875
256.png,ft,18.580234833659492,27,False,28616,0.4366455078125
257.png,base,0.15362035225048923,24,True,25550,0.389862060546875
257.png,ft,14.731898238747554,21,False,22484,0.34307861328125
258.png,base,0.7964774951076321,24,True,25550,0.389862060546875
258.png,ft,15.891389432485322,22,False,23506,0.358673095703125
259.png,base,0.9080234833659491,24,True,25550,0.389862060546875
259.png,ft,18.527397260273972,27,False,28616,0.4366455078125
260.png,base,2.579256360078278,3,False,4088,0.0623779296875
260.png,ft,17.888454011741683,25,False,26572,0.40545654296875
261.png,base,1.634050880626223,1,False,2044,0.03118896484375
261.png,ft,19.927592954990214,28,False,29638,0.452239990234375
262.png,base,0.7906066536203522,24,True,25550,0.389862060546875
262.png,ft,12.808219178082192,18,False,19418,0.296295166015625
263.png,base,2.24853228962818,3,False,4088,0.0623779296875
263.png,ft,16.89041095890411,24,False,25550,0.389862060546875
264.png,base,0.6947162426614482,24,True,25550,0.389862060546875
264.png,ft,15.477495107632095,22,False,23506,0.358673095703125
265.png,base,0.8170254403131115,24,True,25550,0.389862060546875
265.png,ft,17.371819960861057,25,False,26572,0.40545654296875
266.png,base,1.5430528375733856,1,False,2044,0.03118896484375
266.png,ft,15.509784735812133,22,False,23506,0.358673095703125
267.png,base,3.318982387475538,4,False,5110,0.077972412109375
267.png,ft,18.897260273972602,27,False,28616,0.4366455078125
268.png,base,1.1086105675146771,1,False,2044,0.03118896484375
268.png,ft,16.78180039138943,24,False,25550,0.389862060546875
269.png,base,1.2759295499021526,1,False,2044,0.03118896484375
269.png,ft,20.357142857142858,30,False,31682,0.483428955078125
270.png,base,0.687866927592955,24,True,25550,0.389862060546875
270.png,ft,17.19471624266145,25,False,26572,0.40545654296875
271.png,base,0.8992172211350293,24,True,25550,0.389862060546875
271.png,ft,15.013698630136986,22,False,23506,0.358673095703125
272.png,base,0.9471624266144814,24,True,25550,0.389862060546875
272.png,ft,14.437377690802348,21,False,22484,0.34307861328125
273.png,base,2.107632093933464,3,False,4088,0.0623779296875
273.png,ft,14.84050880626223,21,False,22484,0.34307861328125
274.png,base,0.7798434442270059,24,True,25550,0.389862060546875
274.png,ft,13.833659491193737,19,False,20440,0.3118896484375
275.png,base,0.3610567514677104,24,True,25550,0.389862060546875
275.png,ft,15.841487279843443,22,False,23506,0.358673095703125
276.png,base,1.5469667318982387,1,False,2044,0.03118896484375
276.png,ft,14.24853228962818,21,False,22484,0.34307861328125
277.png,base,1.99412915851272,1,False,2044,0.03118896484375
277.png,ft,18.18884540117417,27,False,28616,0.4366455078125
278.png,base,1.172211350293542,1,False,2044,0.03118896484375
278.png,ft,15.240704500978474,22,False,23506,0.358673095703125
279.png,base,1.050880626223092,1,False,2044,0.03118896484375
279.png,ft,15.698630136986301,22,False,23506,0.358673095703125
280.png,base,3.4187866927592956,4,False,5110,0.077972412109375
280.png,ft,19.27886497064579,28,False,29638,0.452239990234375
281.png,base,5.576320939334638,7,False,8176,0.124755859375
281.png,ft,19.983365949119374,28,False,29638,0.452239990234375
282.png,base,1.773972602739726,1,False,2044,0.03118896484375
282.png,ft,19.78473581213307,28,False,29638,0.452239990234375
283.png,base,5.004892367906066,7,False,8176,0.124755859375
283.png,ft,18.099804305283758,27,False,28616,0.4366455078125
284.png,base,1.5890410958904109,1,False,2044,0.03118896484375
284.png,ft,20.24559686888454,30,False,31682,0.483428955078125
285.png,base,1.2328767123287672,1,False,2044,0.03118896484375
285.png,ft,13.847358121330725,19,False,20440,0.3118896484375
286.png,base,2.223091976516634,3,False,4088,0.0623779296875
286.png,ft,16.540117416829744,24,False,25550,0.389862060546875
287.png,base,1.022504892367906,1,False,2044,0.03118896484375
287.png,ft,14.822896281800391,21,False,22484,0.34307861328125
288.png,base,1.4412915851272015,1,False,2044,0.03118896484375
288.png,ft,17.455968688845402,25,False,26572,0.40545654296875
289.png,base,3.343444227005871,4,False,5110,0.077972412109375
289.png,ft,17.66634050880626,25,False,26572,0.40545654296875
290.png,base,0.0958904109589041,24,True,25550,0.389862060546875
290.png,ft,13.487279843444227,19,False,20440,0.3118896484375
291.png,base,2.8962818003913893,3,False,4088,0.0623779296875
291.png,ft,19.486301369863014,28,False,29638,0.452239990234375
292.png,base,1.5029354207436398,1,False,2044,0.03118896484375
292.png,ft,17.764187866927593,25,False,26572,0.40545654296875
293.png,base,0.6330724070450098,24,True,25550,0.389862060546875
293.png,ft,13.54696673189824,19,False,20440,0.3118896484375
294.png,base,1.7230919765166341,1,False,2044,0.03118896484375
294.png,ft,15.928571428571429,22,False,23506,0.358673095703125
295.png,base,0.6350293542074364,24,True,25550,0.389862060546875
295.png,ft,13.847358121330725,19,False,20440,0.3118896484375
296.png,base,0.7690802348336595,24,True,25550,0.389862060546875
296.png,ft,16.667318982387474,24,False,25550,0.389862060546875
297.png,base,2.8698630136986303,3,False,4088,0.0623779296875
297.png,ft,18.168297455968688,27,False,28616,0.4366455078125
298.png,base,1.0215264187866928,1,False,2044,0.03118896484375
298.png,ft,20.937377690802347,30,False,31682,0.483428955078125
299.png,base,2.852250489236791,3,False,4088,0.0623779296875
299.png,ft,18.261252446183953,27,False,28616,0.4366455078125
300.png,base,1.1947162426614482,1,False,2044,0.03118896484375
300.png,ft,16.38454011741683,24,False,25550,0.389862060546875
301.png,base,0.7299412915851272,24,True,25550,0.389862060546875
301.png,ft,14.11839530332681,21,False,22484,0.34307861328125
302.png,base,0.0958904109589041,24,True,25550,0.389862060546875
302.png,ft,9.307240704500979,13,False,14308,0.21832275390625
303.png,base,5.160469667318982,7,False,8176,0.124755859375
303.png,ft,19.44031311154599,28,False,29638,0.452239990234375
304.png,base,3.2563600782778863,4,False,5110,0.077972412109375
304.png,ft,19.22113502935421,28,False,29638,0.452239990234375
305.png,base,0.5244618395303327,24,True,25550,0.389862060546875
305.png,ft,17.208414872798436,25,False,26572,0.40545654296875
306.png,base,4.125244618395303,6,False,7154,0.109161376953125
306.png,ft,18.65068493150685,27,False,28616,0.4366455078125
307.png,base,0.06555772994129158,24,True,25550,0.389862060546875
307.png,ft,10.732876712328768,15,False,16352,0.24951171875
308.png,base,1.3737769080234834,1,False,2044,0.03118896484375
308.png,ft,18.207436399217222,27,False,28616,0.4366455078125
309.png,base,1.5998043052837574,1,False,2044,0.03118896484375
309.png,ft,17.79941291585127,25,False,26572,0.40545654296875
310.png,base,0.815068493150685,24,True,25550,0.389862060546875
310.png,ft,15.893346379647749,22,False,23506,0.358673095703125
311.png,base,0.09197651663405088,24,True,25550,0.389862060546875
311.png,ft,13.824853228962818,19,False,20440,0.3118896484375
312.png,base,1.5557729941291585,1,False,2044,0.03118896484375
312.png,ft,16.6692759295499,24,False,25550,0.389862060546875
313.png,base,0.38747553816046965,24,True,25550,0.389862060546875
313.png,ft,17.99412915851272,25,False,26572,0.40545654296875
314.png,base,1.5146771037181996,1,False,2044,0.03118896484375
314.png,ft,17.45499021526419,25,False,26572,0.40545654296875
315.png,base,0.7661448140900196,24,True,25550,0.389862060546875
315.png,ft,17.50587084148728,25,False,26572,0.40545654296875
316.png,base,3.032289628180039,4,False,5110,0.077972412109375
316.png,ft,21.05968688845401,31,False,32704,0.4990234375
317.png,base,0.738747553816047,24,True,25550,0.389862060546875
317.png,ft,15.663405088062623,22,False,23506,0.358673095703125
318.png,base,0.2045009784735812,24,True,25550,0.389862060546875
318.png,ft,12.49119373776908,18,False,19418,0.296295166015625
319.png,base,0.10763209393346379,24,True,25550,0.389862060546875
319.png,ft,14.954011741682974,21,False,22484,0.34307861328125
320.png,base,1.2886497064579256,1,False,2044,0.03118896484375
320.png,ft,20.05088062622309,30,False,31682,0.483428955078125
321.png,base,0.6203522504892368,24,True,25550,0.389862060546875
321.png,ft,18.563600782778867,27,False,28616,0.4366455078125
322.png,base,0.3219178082191781,24,True,25550,0.389862060546875
322.png,ft,13.4559686888454,19,False,20440,0.3118896484375
323.png,base,0.8679060665362035,24,True,25550,0.389862060546875
323.png,ft,16.944227005870843,24,False,25550,0.389862060546875
324.png,base,1.2221135029354206,1,False,2044,0.03118896484375
324.png,ft,15.288649706457926,22,False,23506,0.358673095703125
325.png,base,1.187866927592955,1,False,2044,0.03118896484375
325.png,ft,19.2573385518591,28,False,29638,0.452239990234375
326.png,base,6.816046966731898,9,False,10220,0.15594482421875
326.png,ft,21.551859099804304,31,False,32704,0.4990234375
327.png,base,2.2152641878669277,3,False,4088,0.0623779296875
327.png,ft,16.55968688845401,24,False,25550,0.389862060546875
328.png,base,1.4197651663405089,1,False,2044,0.03118896484375
328.png,ft,19.24559686888454,28,False,29638,0.452239990234375
329.png,base,0.10763209393346379,24,True,25550,0.389862060546875
329.png,ft,12.026418786692759,18,False,19418,0.296295166015625
330.png,base,1.5587084148727985,1,False,2044,0.03118896484375
330.png,ft,13.147749510763209,19,False,20440,0.3118896484375
331.png,base,0.3493150684931507,24,True,25550,0.389862060546875
331.png,ft,14.324853228962818,21,False,22484,0.34307861328125
332.png,base,0.2925636007827789,24,True,25550,0.389862060546875
332.png,ft,15.25440313111546,22,False,23506,0.358673095703125
333.png,base,0.35714285714285715,24,True,25550,0.389862060546875
333.png,ft,15.794520547945206,22,False,23506,0.358673095703125
334.png,base,0.1232876712328767,24,True,25550,0.389862060546875
334.png,ft,16.711350293542075,24,False,25550,0.389862060546875
335.png,base,0.46868884540117417,24,True,25550,0.389862060546875
335.png,ft,15.645792563600782,22,False,23506,0.358673095703125
336.png,base,2.0665362035225048,3,False,4088,0.0623779296875
336.png,ft,16.967710371819962,24,False,25550,0.389862060546875
337.png,base,0.42661448140900193,24,True,25550,0.389862060546875
337.png,ft,15.75146771037182,22,False,23506,0.358673095703125
338.png,base,0.11252446183953033,24,True,25550,0.389862060546875
338.png,ft,12.119373776908024,18,False,19418,0.296295166015625
339.png,base,0.04598825831702544,24,True,25550,0.389862060546875
339.png,ft,11.904109589041095,16,False,17374,0.265106201171875
340.png,base,2.87279843444227,3,False,4088,0.0623779296875
340.png,ft,18.908023483365948,27,False,28616,0.4366455078125
341.png,base,1.0371819960861057,1,False,2044,0.03118896484375
341.png,ft,17.806262230919764,25,False,26572,0.40545654296875
342.png,base,1.2113502935420744,1,False,2044,0.03118896484375
342.png,ft,17.424657534246574,25,False,26572,0.40545654296875
343.png,base,0.6154598825831703,24,True,25550,0.389862060546875
343.png,ft,17.234833659491194,25,False,26572,0.40545654296875
344.png,base,0.50293542074364,24,True,25550,0.389862060546875
344.png,ft,14.839530332681017,21,False,22484,0.34307861328125
345.png,base,0.48532289628180036,24,True,25550,0.389862060546875
345.png,ft,12.694716242661448,18,False,19418,0.296295166015625
346.png,base,0.17221135029354206,24,True,25550,0.389862060546875
346.png,ft,13.599804305283758,19,False,20440,0.3118896484375
347.png,base,0.7710371819960861,24,True,25550,0.389862060546875
347.png,ft,14.36105675146771,21,False,22484,0.34307861328125
348.png,base,0.952054794520548,24,True,25550,0.389862060546875
348.png,ft,16.36692759295499,24,False,25550,0.389862060546875
349.png,base,2.9090019569471623,3,False,4088,0.0623779296875
349.png,ft,20.94031311154599,30,False,31682,0.483428955078125
350.png,base,0.35812133072407043,24,True,25550,0.389862060546875
350.png,ft,16.572407045009786,24,False,25550,0.389862060546875
351.png,base,0.8405088062622309,24,True,25550,0.389862060546875
351.png,ft,15.719178082191782,22,False,23506,0.358673095703125
352.png,base,4.467710371819961,6,False,7154,0.109161376953125
352.png,ft,18.50293542074364,27,False,28616,0.4366455078125
353.png,base,3.6536203522504893,4,False,5110,0.077972412109375
353.png,ft,18.207436399217222,27,False,28616,0.4366455078125
354.png,base,1.4657534246575343,1,False,2044,0.03118896484375
354.png,ft,16.662426614481408,24,False,25550,0.389862060546875
355.png,base,1.0332681017612524,1,False,2044,0.03118896484375
355.png,ft,21.000978473581213,31,False,32704,0.4990234375
356.png,base,3.37279843444227,4,False,5110,0.077972412109375
356.png,ft,21.515655577299412,31,False,32704,0.4990234375
357.png,base,2.8219178082191783,3,False,4088,0.0623779296875
357.png,ft,20.804305283757337,30,False,31682,0.483428955078125
358.png,base,1.1086105675146771,1,False,2044,0.03118896484375
358.png,ft,14.20450097847358,21,False,22484,0.34307861328125
359.png,base,0.6634050880626223,24,True,25550,0.389862060546875
359.png,ft,17.23091976516634,25,False,26572,0.40545654296875
360.png,base,0.30430528375733856,24,True,25550,0.389862060546875
360.png,ft,16.14481409001957,24,False,25550,0.389862060546875
361.png,base,0.24266144814090018,24,True,25550,0.389862060546875
361.png,ft,13.898238747553815,19,False,20440,0.3118896484375
362.png,base,0.5156555772994129,24,True,25550,0.389862060546875
362.png,ft,18.36399217221135,27,False,28616,0.4366455078125
363.png,base,0.34344422700587085,24,True,25550,0.389862060546875
363.png,ft,16.616438356164384,24,False,25550,0.389862060546875
364.png,base,0.1232876712328767,24,True,25550,0.389862060546875
364.png,ft,14.386497064579256,21,False,22484,0.34307861328125
365.png,base,0.8933463796477495,24,True,25550,0.389862060546875
365.png,ft,16.464774951076322,24,False,25550,0.389862060546875
366.png,base,1.2563600782778865,1,False,2044,0.03118896484375
366.png,ft,14.61545988258317,21,False,22484,0.34307861328125
367.png,base,0.3816046966731898,24,True,25550,0.389862060546875
367.png,ft,12.441291585127201,18,False,19418,0.296295166015625
368.png,base,1.2573385518590998,1,False,2044,0.03118896484375
368.png,ft,18.96086105675147,27,False,28616,0.4366455078125
369.png,base,0.5195694716242661,24,True,25550,0.389862060546875
369.png,ft,11.73972602739726,16,False,17374,0.265106201171875
370.png,base,1.7984344422700587,1,False,2044,0.03118896484375
370.png,ft,15.409980430528377,22,False,23506,0.358673095703125
371.png,base,3.9227005870841487,4,False,5110,0.077972412109375
371.png,ft,16.26320939334638,24,False,25550,0.389862060546875
372.png,base,1.0078277886497065,1,False,2044,0.03118896484375
372.png,ft,15.443248532289628,22,False,23506,0.358673095703125
373.png,base,1.515655577299413,1,False,2044,0.03118896484375
373.png,ft,19.286692759295498,28,False,29638,0.452239990234375
374.png,base,1.5303326810176126,1,False,2044,0.03118896484375
374.png,ft,17.320939334637966,25,False,26572,0.40545654296875
375.png,base,2.280821917808219,3,False,4088,0.0623779296875
375.png,ft,17.56751467710372,25,False,26572,0.40545654296875
376.png,base,1.0870841487279843,1,False,2044,0.03118896484375
376.png,ft,15.069471624266145,22,False,23506,0.358673095703125
377.png,base,0.31409001956947163,24,True,25550,0.389862060546875
377.png,ft,13.325831702544031,19,False,20440,0.3118896484375
378.png,base,1.1232876712328768,1,False,2044,0.03118896484375
378.png,ft,17.13894324853229,25,False,26572,0.40545654296875
379.png,base,1.525440313111546,1,False,2044,0.03118896484375
379.png,ft,20.328767123287673,30,False,31682,0.483428955078125
380.png,base,1.0547945205479452,1,False,2044,0.03118896484375
380.png,ft,16.101761252446185,24,False,25550,0.389862060546875
381.png,base,0.7270058708414873,24,True,25550,0.389862060546875
381.png,ft,16.68688845401174,24,False,25550,0.389862060546875
382.png,base,1.2788649706457926,1,False,2044,0.03118896484375
382.png,ft,17.33953033268102,25,False,26572,0.40545654296875
383.png,base,0.5205479452054794,24,True,25550,0.389862060546875
383.png,ft,16.086105675146772,24,False,25550,0.389862060546875
384.png,base,0.20841487279843443,24,True,25550,0.389862060546875
384.png,ft,13.599804305283758,19,False,20440,0.3118896484375
385.png,base,0.9070450097847358,24,True,25550,0.389862060546875
385.png,ft,16.043052837573384,24,False,25550,0.389862060546875
386.png,base,0.910958904109589,24,True,25550,0.389862060546875
386.png,ft,16.309197651663403,24,False,25550,0.389862060546875
387.png,base,0.21428571428571427,24,True,25550,0.389862060546875
387.png,ft,11.852250489236791,16,False,17374,0.265106201171875
388.png,base,0.24266144814090018,24,True,25550,0.389862060546875
388.png,ft,12.462818003913894,18,False,19418,0.296295166015625
389.png,base,0.3776908023483366,24,True,25550,0.389862060546875
389.png,ft,13.36105675146771,19,False,20440,0.3118896484375
390.png,base,3.1291585127201564,4,False,5110,0.077972412109375
390.png,ft,19.934442270058707,28,False,29638,0.452239990234375
391.png,base,0.7367906066536204,24,True,25550,0.389862060546875
391.png,ft,16.931506849315067,24,False,25550,0.389862060546875
392.png,base,2.7504892367906066,3,False,4088,0.0623779296875
392.png,ft,16.86399217221135,24,False,25550,0.389862060546875
393.png,base,2.040117416829746,3,False,4088,0.0623779296875
393.png,ft,19.418786692759294,28,False,29638,0.452239990234375
394.png,base,0.35714285714285715,24,True,25550,0.389862060546875
394.png,ft,10.012720156555773,15,False,16352,0.24951171875
395.png,base,0.4931506849315068,24,True,25550,0.389862060546875
395.png,ft,17.471624266144815,25,False,26572,0.40545654296875
396.png,base,0.21428571428571427,24,True,25550,0.389862060546875
396.png,ft,14.262230919765166,21,False,22484,0.34307861328125
397.png,base,2.7015655577299413,3,False,4088,0.0623779296875
397.png,ft,19.09784735812133,28,False,29638,0.452239990234375
398.png,base,1.1545988258317026,1,False,2044,0.03118896484375
398.png,ft,18.42074363992172,27,False,28616,0.4366455078125
399.png,base,1.1634050880626223,1,False,2044,0.03118896484375
399.png,ft,20.15655577299413,30,False,31682,0.483428955078125
