image,condition,K,n_bits,header_intact,bit_accuracy,exact
000.png,none,19,10216,True,1.0,True
000.png,customQ_QF90,19,10216,False,0.9882537196554424,False
000.png,customQ_QF70,19,10216,False,0.9623140172278778,False
000.png,customQ_QF50,19,10216,True,0.9989232576350823,False
001.png,none,22,11752,True,1.0,True
001.png,customQ_QF90,22,11752,False,0.9891933287950987,False
001.png,customQ_QF70,22,11752,False,0.9543907420013614,False
001.png,customQ_QF50,22,11752,True,0.9991490810074881,False
002.png,none,22,11752,True,1.0,True
002.png,customQ_QF90,22,11752,False,0.9965963240299524,False
002.png,customQ_QF70,22,11752,False,0.9815350578624915,False
002.png,customQ_QF50,22,11752,True,0.9997447243022465,False
003.png,none,22,11752,True,1.0,True
003.png,customQ_QF90,22,11752,True,0.9912355343771273,False
003.png,customQ_QF70,22,11752,False,0.9675799863852961,False
003.png,customQ_QF50,22,11752,True,0.9997447243022465,False
004.png,none,24,12768,True,1.0,True
004.png,customQ_QF90,24,12768,True,0.988016917293233,False
004.png,customQ_QF70,24,12768,False,0.956218671679198,False
004.png,customQ_QF50,24,12768,True,0.9992167919799498,False
005.png,none,21,11240,True,1.0,True
005.png,customQ_QF90,21,11240,True,0.982473309608541,False
005.png,customQ_QF70,21,11240,False,0.9476868327402135,False
005.png,customQ_QF50,21,11240,True,0.9988434163701068,False
006.png,none,27,14304,True,1.0,True
006.png,customQ_QF90,27,14304,True,0.9922399328859061,False
006.png,customQ_QF70,27,14304,False,0.9657438478747203,False
006.png,customQ_QF50,27,14304,True,0.999650447427293,False
007.png,none,28,14816,True,1.0,True
007.png,customQ_QF90,28,14816,False,0.9923056155507559,False
007.png,customQ_QF70,28,14816,False,0.9659152267818575,False
007.png,customQ_QF50,28,14816,True,0.9993250539956804,False
008.png,none,22,11752,True,1.0,True
008.png,customQ_QF90,22,11752,True,0.9952348536419333,False
008.png,customQ_QF70,22,11752,False,0.977791014295439,False
008.png,customQ_QF50,22,11752,True,0.9995745405037441,False
009.png,none,24,12768,True,1.0,True
009.png,customQ_QF90,24,12768,True,0.9902098997493735,False
009.png,customQ_QF70,24,12768,False,0.9515977443609023,False
009.png,customQ_QF50,24,12768,True,0.999608395989975,False
010.png,none,25,13280,True,1.0,True
010.png,customQ_QF90,25,13280,False,0.992921686746988,False
010.png,customQ_QF70,25,13280,False,0.9707831325301205,False
010.png,customQ_QF50,25,13280,True,0.9994728915662651,False
011.png,none,28,14816,True,1.0,True
011.png,customQ_QF90,28,14816,True,0.9964227861771058,False
011.png,customQ_QF70,28,14816,False,0.9783342332613391,False
011.png,customQ_QF50,28,14816,True,0.999797516198704,False
012.png,none,24,12768,True,1.0,True
012.png,customQ_QF90,24,12768,True,0.9908364661654135,False
012.png,customQ_QF70,24,12768,True,0.9620927318295739,False
012.png,customQ_QF50,24,12768,True,0.9993734335839599,False
013.png,none,22,11752,True,1.0,True
013.png,customQ_QF90,22,11752,True,0.9925970047651463,False
013.png,customQ_QF70,22,11752,True,0.9664737916950307,False
013.png,customQ_QF50,22,11752,True,0.9995745405037441,False
014.png,none,25,13280,True,1.0,True
014.png,customQ_QF90,25,13280,True,0.9918674698795181,False
014.png,customQ_QF70,25,13280,False,0.9602409638554217,False
014.png,customQ_QF50,25,13280,True,0.9998493975903614,False
015.png,none,24,12768,True,1.0,True
015.png,customQ_QF90,24,12768,False,0.9904448621553885,False
015.png,customQ_QF70,24,12768,False,0.9618577694235589,False
015.png,customQ_QF50,24,12768,True,0.9992951127819549,False
016.png,none,24,12768,True,1.0,True
016.png,customQ_QF90,24,12768,True,0.9956140350877193,False
016.png,customQ_QF70,24,12768,False,0.9786184210526315,False
016.png,customQ_QF50,24,12768,True,0.9998433583959899,False
017.png,none,30,15840,True,1.0,True
017.png,customQ_QF90,30,15840,True,0.9916035353535354,False
017.png,customQ_QF70,30,15840,False,0.9655934343434344,False
017.png,customQ_QF50,30,15840,True,0.9996843434343434,False
018.png,none,24,12768,True,1.0,True
018.png,customQ_QF90,24,12768,True,0.9964755639097744,False
018.png,customQ_QF70,24,12768,False,0.9787750626566416,False
018.png,customQ_QF50,24,12768,True,0.99968671679198,False
019.png,none,21,11240,True,1.0,True
019.png,customQ_QF90,21,11240,False,0.9902135231316725,False
019.png,customQ_QF70,21,11240,False,0.9594306049822064,False
019.png,customQ_QF50,21,11240,True,0.9998220640569395,False
020.png,none,25,13280,True,1.0,True
020.png,customQ_QF90,25,13280,True,0.9988704819277109,False
020.png,customQ_QF70,25,13280,False,0.9896084337349398,False
020.png,customQ_QF50,25,13280,True,0.9999246987951808,False
021.png,none,22,11752,True,1.0,True
021.png,customQ_QF90,22,11752,True,0.9948944860449285,False
021.png,customQ_QF70,22,11752,True,0.9697923757658271,False
021.png,customQ_QF50,22,11752,True,0.9997447243022465,False
022.png,none,19,10216,True,1.0,True
022.png,customQ_QF90,19,10216,False,0.9832615505090054,False
022.png,customQ_QF70,19,10216,False,0.9393108848864526,False
022.png,customQ_QF50,19,10216,True,0.9985317149569303,False
023.png,none,27,14304,True,1.0,True
023.png,customQ_QF90,27,14304,True,0.9921001118568232,False
023.png,customQ_QF70,27,14304,False,0.964765100671141,False
023.png,customQ_QF50,27,14304,True,0.999650447427293,False
024.png,none,31,16352,True,1.0,True
024.png,customQ_QF90,31,16352,True,0.994190313111546,False
024.png,customQ_QF70,31,16352,False,0.9779843444227005,False
024.png,customQ_QF50,31,16352,True,0.9994496086105675,False
025.png,none,22,11752,True,1.0,True
025.png,customQ_QF90,22,11752,True,0.9874063989108237,False
025.png,customQ_QF70,22,11752,False,0.9549012933968686,False
025.png,customQ_QF50,22,11752,True,0.9989788972089857,False
026.png,none,30,15840,True,1.0,True
026.png,customQ_QF90,30,15840,True,0.9972222222222222,False
026.png,customQ_QF70,30,15840,False,0.977020202020202,False
026.png,customQ_QF50,30,15840,True,1.0,True
027.png,none,28,14816,True,1.0,True
027.png,customQ_QF90,28,14816,False,0.9919006479481641,False
027.png,customQ_QF70,28,14816,False,0.9636204103671706,False
027.png,customQ_QF50,28,14816,True,0.9997300215982722,False
028.png,none,30,15840,True,1.0,True
028.png,customQ_QF90,30,15840,False,0.9832070707070707,False
028.png,customQ_QF70,30,15840,False,0.9430555555555555,False
028.png,customQ_QF50,30,15840,False,0.9984848484848485,False
029.png,none,24,12768,True,1.0,True
029.png,customQ_QF90,24,12768,False,0.9918546365914787,False
029.png,customQ_QF70,24,12768,False,0.9680451127819549,False
029.png,customQ_QF50,24,12768,True,0.99968671679198,False
030.png,none,30,15840,True,1.0,True
030.png,customQ_QF90,30,15840,False,0.9954545454545455,False
030.png,customQ_QF70,30,15840,False,0.9719696969696969,False
030.png,customQ_QF50,30,15840,True,0.9997474747474747,False
031.png,none,18,9704,True,1.0,True
031.png,customQ_QF90,18,9704,False,0.9862943116240726,False
031.png,customQ_QF70,18,9704,False,0.9531121187139324,False
031.png,customQ_QF50,18,9704,True,0.9987633965375103,False
032.png,none,27,14304,True,1.0,True
032.png,customQ_QF90,27,14304,False,0.9932186800894854,False
032.png,customQ_QF70,27,14304,False,0.964415548098434,False
032.png,customQ_QF50,27,14304,True,0.9997203579418344,False
033.png,none,13,7152,True,1.0,True
033.png,customQ_QF90,13,7152,True,0.9825223713646533,False
033.png,customQ_QF70,13,7152,True,0.9527404921700223,False
033.png,customQ_QF50,13,7152,True,0.9986017897091722,False
034.png,none,19,10216,True,1.0,True
034.png,customQ_QF90,19,10216,True,0.9896241190289742,False
034.png,customQ_QF70,19,10216,False,0.9607478465152701,False
034.png,customQ_QF50,19,10216,True,0.9992169146436961,False
035.png,none,27,14304,True,1.0,True
035.png,customQ_QF90,27,14304,True,0.9972035794183445,False
035.png,customQ_QF70,27,14304,False,0.9795162192393736,False
035.png,customQ_QF50,27,14304,True,0.9997902684563759,False
036.png,none,27,14304,True,1.0,True
036.png,customQ_QF90,27,14304,False,0.9905620805369127,False
036.png,customQ_QF70,27,14304,False,0.9563758389261745,False
036.png,customQ_QF50,27,14304,True,0.9995106263982103,False
037.png,none,19,10216,True,1.0,True
037.png,customQ_QF90,19,10216,False,0.9850234925606891,False
037.png,customQ_QF70,19,10216,False,0.9610415035238841,False
037.png,customQ_QF50,19,10216,True,0.99951057165231,False
038.png,none,25,13280,True,1.0,True
038.png,customQ_QF90,25,13280,True,0.9897590361445783,False
038.png,customQ_QF70,25,13280,False,0.959262048192771,False
038.png,customQ_QF50,25,13280,True,0.9987951807228915,False
039.png,none,22,11752,True,1.0,True
039.png,customQ_QF90,22,11752,False,0.9906398910823689,False
039.png,customQ_QF70,22,11752,False,0.9632402995234853,False
039.png,customQ_QF50,22,11752,True,0.9996596324029953,False
040.png,none,21,11240,True,1.0,True
040.png,customQ_QF90,21,11240,False,0.9874555160142349,False
040.png,customQ_QF70,21,11240,False,0.949288256227758,False
040.png,customQ_QF50,21,11240,True,0.9991103202846975,False
041.png,none,34,17880,True,1.0,True
041.png,customQ_QF90,34,17880,False,0.9895973154362416,False
041.png,customQ_QF70,34,17880,False,0.9577740492170023,False
041.png,customQ_QF50,34,17880,True,0.9995525727069351,False
042.png,none,25,13280,True,1.0,True
042.png,customQ_QF90,25,13280,True,0.9957078313253012,False
042.png,customQ_QF70,25,13280,False,0.976882530120482,False
042.png,customQ_QF50,25,13280,True,0.9998493975903614,False
043.png,none,24,12768,True,1.0,True
043.png,customQ_QF90,24,12768,False,0.9910714285714286,False
043.png,customQ_QF70,24,12768,False,0.9634241854636592,False
043.png,customQ_QF50,24,12768,True,0.9995300751879699,False
044.png,none,27,14304,True,1.0,True
044.png,customQ_QF90,27,14304,False,0.9923797539149888,False
044.png,customQ_QF70,27,14304,False,0.964415548098434,False
044.png,customQ_QF50,27,14304,True,0.9993008948545862,False
045.png,none,19,10216,True,1.0,True
045.png,customQ_QF90,19,10216,False,0.9931480031323414,False
045.png,customQ_QF70,19,10216,False,0.9717110415035238,False
045.png,customQ_QF50,19,10216,True,0.999804228660924,False
046.png,none,30,15840,True,1.0,True
046.png,customQ_QF90,30,15840,False,0.994570707070707,False
046.png,customQ_QF70,30,15840,False,0.9710858585858586,False
046.png,customQ_QF50,30,15840,True,0.9994949494949495,False
047.png,none,28,14816,True,1.0,True
047.png,customQ_QF90,28,14816,True,0.9931155507559395,False
047.png,customQ_QF70,28,14816,False,0.9657127429805615,False
047.png,customQ_QF50,28,14816,True,0.999797516198704,False
048.png,none,27,14304,True,1.0,True
048.png,customQ_QF90,27,14304,False,0.9906319910514542,False
048.png,customQ_QF70,27,14304,False,0.9541387024608501,False
048.png,customQ_QF50,27,14304,False,0.999650447427293,False
049.png,none,21,11240,True,1.0,True
049.png,customQ_QF90,21,11240,False,0.9870996441281139,False
049.png,customQ_QF70,21,11240,False,0.9602313167259786,False
049.png,customQ_QF50,21,11240,True,0.9987544483985765,False
050.png,none,25,13280,True,1.0,True
050.png,customQ_QF90,25,13280,True,0.9923192771084337,False
050.png,customQ_QF70,25,13280,False,0.9666415662650603,False
050.png,customQ_QF50,25,13280,True,0.9994728915662651,False
051.png,none,22,11752,True,1.0,True
051.png,customQ_QF90,22,11752,True,0.9885976855003403,False
051.png,customQ_QF70,22,11752,True,0.9636657590197413,False
051.png,customQ_QF50,22,11752,True,0.9994894486044928,False
052.png,none,19,10216,True,1.0,True
052.png,customQ_QF90,19,10216,False,0.9909945184025059,False
052.png,customQ_QF70,19,10216,False,0.9642717306186375,False
052.png,customQ_QF50,19,10216,True,0.9994126859827721,False
053.png,none,18,9704,True,1.0,True
053.png,customQ_QF90,18,9704,True,0.987118713932399,False
053.png,customQ_QF70,18,9704,True,0.9584707337180545,False
053.png,customQ_QF50,18,9704,True,0.9995877988458368,False
054.png,none,30,15840,True,1.0,True
054.png,customQ_QF90,30,15840,False,0.992550505050505,False
054.png,customQ_QF70,30,15840,False,0.9629419191919192,False
054.png,customQ_QF50,30,15840,True,0.9997474747474747,False
055.png,none,19,10216,True,1.0,True
055.png,customQ_QF90,19,10216,True,0.9867854346123728,False
055.png,customQ_QF70,19,10216,False,0.9528191072826938,False
055.png,customQ_QF50,19,10216,True,0.9987274862960063,False
056.png,none,22,11752,True,1.0,True
056.png,customQ_QF90,22,11752,False,0.9909802586793737,False
056.png,customQ_QF70,22,11752,False,0.9642614023144996,False
056.png,customQ_QF50,22,11752,True,0.9994043567052416,False
057.png,none,25,13280,True,1.0,True
057.png,customQ_QF90,25,13280,True,0.9918674698795181,False
057.png,customQ_QF70,25,13280,False,0.9640060240963856,False
057.png,customQ_QF50,25,13280,True,0.9993975903614458,False
058.png,none,22,11752,True,1.0,True
058.png,customQ_QF90,22,11752,False,0.9912355343771273,False
058.png,customQ_QF70,22,11752,False,0.9631552076242341,False
058.png,customQ_QF50,22,11752,True,0.9993192648059904,False
059.png,none,22,11752,True,1.0,True
059.png,customQ_QF90,22,11752,False,0.9902995234853642,False
059.png,customQ_QF70,22,11752,False,0.968856364874064,False
059.png,customQ_QF50,22,11752,True,0.9994043567052416,False
060.png,none,24,12768,True,1.0,True
060.png,customQ_QF90,24,12768,False,0.9820645363408521,False
060.png,customQ_QF70,24,12768,False,0.9357769423558897,False
060.png,customQ_QF50,24,12768,True,0.9985902255639098,False
061.png,none,27,14304,True,1.0,True
061.png,customQ_QF90,27,14304,False,0.9890939597315436,False
061.png,customQ_QF70,27,14304,False,0.9524608501118568,False
061.png,customQ_QF50,27,14304,True,0.9993008948545862,False
062.png,none,27,14304,True,1.0,True
062.png,customQ_QF90,27,14304,True,0.9876957494407159,False
062.png,customQ_QF70,27,14304,False,0.9518316554809844,False
062.png,customQ_QF50,27,14304,True,0.9986717002237137,False
063.png,none,21,11240,True,1.0,True
063.png,customQ_QF90,21,11240,True,0.9857651245551602,False
063.png,customQ_QF70,21,11240,False,0.9512455516014235,False
063.png,customQ_QF50,21,11240,True,0.9994661921708186,False
064.png,none,18,9704,True,1.0,True
064.png,customQ_QF90,18,9704,False,0.9899010717230008,False
064.png,customQ_QF70,18,9704,False,0.9638293487221764,False
064.png,customQ_QF50,18,9704,True,0.999484748557296,False
065.png,none,22,11752,True,1.0,True
065.png,customQ_QF90,22,11752,True,0.9883424098025868,False
065.png,customQ_QF70,22,11752,False,0.9657930565010211,False
065.png,customQ_QF50,22,11752,True,0.9992341729067393,False
066.png,none,22,11752,True,1.0,True
066.png,customQ_QF90,22,11752,False,0.9880020422055821,False
066.png,customQ_QF70,22,11752,False,0.9559223961878829,False
066.png,customQ_QF50,22,11752,True,0.9992341729067393,False
067.png,none,19,10216,True,1.0,True
067.png,customQ_QF90,19,10216,True,0.9844361785434612,False
067.png,customQ_QF70,19,10216,False,0.9610415035238841,False
067.png,customQ_QF50,19,10216,True,0.9982380579483163,False
068.png,none,24,12768,True,1.0,True
068.png,customQ_QF90,24,12768,False,0.9907581453634086,False
068.png,customQ_QF70,24,12768,True,0.9657738095238095,False
068.png,customQ_QF50,24,12768,True,0.9992167919799498,False
069.png,none,19,10216,True,1.0,True
069.png,customQ_QF90,19,10216,False,0.9934416601409554,False
069.png,customQ_QF70,19,10216,False,0.9692638997650744,False
069.png,customQ_QF50,19,10216,True,0.9994126859827721,False
070.png,none,25,13280,True,1.0,True
070.png,customQ_QF90,25,13280,True,0.9908885542168675,False
070.png,customQ_QF70,25,13280,True,0.9649849397590361,False
070.png,customQ_QF50,25,13280,True,0.9996987951807229,False
071.png,none,19,10216,True,1.0,True
071.png,customQ_QF90,19,10216,True,0.9928543461237275,False
071.png,customQ_QF70,19,10216,False,0.9682850430696945,False
071.png,customQ_QF50,19,10216,True,0.9994126859827721,False
072.png,none,18,9704,True,1.0,True
072.png,customQ_QF90,18,9704,False,0.9923742786479802,False
072.png,customQ_QF70,18,9704,False,0.9738252267106348,False
072.png,customQ_QF50,18,9704,True,0.9995877988458368,False
073.png,none,31,16352,True,1.0,True
073.png,customQ_QF90,31,16352,False,0.9955357142857143,False
073.png,customQ_QF70,31,16352,False,0.974192759295499,False
073.png,customQ_QF50,31,16352,True,0.9999388454011742,False
074.png,none,25,13280,True,1.0,True
074.png,customQ_QF90,25,13280,False,0.9938253012048193,False
074.png,customQ_QF70,25,13280,False,0.9719126506024096,False
074.png,customQ_QF50,25,13280,True,0.9996987951807229,False
075.png,none,21,11240,True,1.0,True
075.png,customQ_QF90,21,11240,False,0.9819395017793594,False
075.png,customQ_QF70,21,11240,False,0.9412811387900356,False
075.png,customQ_QF50,21,11240,True,0.9983985765124556,False
076.png,none,22,11752,True,1.0,True
076.png,customQ_QF90,22,11752,True,0.9880020422055821,False
076.png,customQ_QF70,22,11752,False,0.9591558883594282,False
076.png,customQ_QF50,22,11752,True,0.9993192648059904,False
077.png,none,34,17880,True,1.0,True
077.png,customQ_QF90,34,17880,True,0.9903803131991051,False
077.png,customQ_QF70,34,17880,False,0.9598993288590604,False
077.png,customQ_QF50,34,17880,True,0.9993847874720357,False
078.png,none,24,12768,True,1.0,True
078.png,customQ_QF90,24,12768,False,0.9907581453634086,False
078.png,customQ_QF70,24,12768,False,0.9566885964912281,False
078.png,customQ_QF50,24,12768,True,0.9994517543859649,False
079.png,none,21,11240,True,1.0,True
079.png,customQ_QF90,21,11240,True,0.9903914590747331,False
079.png,customQ_QF70,21,11240,False,0.9663701067615659,False
079.png,customQ_QF50,21,11240,True,0.9997330960854093,False
080.png,none,25,13280,True,1.0,True
080.png,customQ_QF90,25,13280,True,0.9909638554216867,False
080.png,customQ_QF70,25,13280,False,0.9605421686746988,False
080.png,customQ_QF50,25,13280,True,0.9996987951807229,False
081.png,none,27,14304,True,1.0,True
081.png,customQ_QF90,27,14304,True,0.9966442953020134,False
081.png,customQ_QF70,27,14304,True,0.983571029082774,False
081.png,customQ_QF50,27,14304,True,0.9998601789709173,False
082.png,none,27,14304,True,1.0,True
082.png,customQ_QF90,27,14304,False,0.9921700223713646,False
082.png,customQ_QF70,27,14304,False,0.9605704697986577,False
082.png,customQ_QF50,27,14304,True,0.9994407158836689,False
083.png,none,25,13280,True,1.0,True
083.png,customQ_QF90,25,13280,False,0.9973644578313253,False
083.png,customQ_QF70,25,13280,False,0.9849397590361446,False
083.png,customQ_QF50,25,13280,True,0.9997740963855422,False
084.png,none,24,12768,True,1.0,True
084.png,customQ_QF90,24,12768,True,0.9945958646616542,False
084.png,customQ_QF70,24,12768,True,0.9655388471177945,False
084.png,customQ_QF50,24,12768,True,0.9994517543859649,False
085.png,none,28,14816,True,1.0,True
085.png,customQ_QF90,28,14816,False,0.9948029157667386,False
085.png,customQ_QF70,28,14816,False,0.9763093952483801,False
085.png,customQ_QF50,28,14816,True,0.999932505399568,False
086.png,none,18,9704,True,1.0,True
086.png,customQ_QF90,18,9704,True,0.9879431162407255,False
086.png,customQ_QF70,18,9704,False,0.9618713932399011,False
086.png,customQ_QF50,18,9704,True,0.9990725474031328,False
087.png,none,22,11752,True,1.0,True
087.png,customQ_QF90,22,11752,True,0.988427501701838,False
087.png,customQ_QF70,22,11752,False,0.9609428182437032,False
087.png,customQ_QF50,22,11752,True,0.9991490810074881,False
088.png,none,21,11240,True,1.0,True
088.png,customQ_QF90,21,11240,False,0.9908362989323843,False
088.png,customQ_QF70,21,11240,False,0.9679715302491103,False
088.png,customQ_QF50,21,11240,True,0.9997330960854093,False
089.png,none,19,10216,True,1.0,True
089.png,customQ_QF90,19,10216,False,0.985806577916993,False
089.png,customQ_QF70,19,10216,False,0.9470438527799531,False
089.png,customQ_QF50,19,10216,True,0.9990211433046202,False
090.png,none,25,13280,True,1.0,True
090.png,customQ_QF90,25,13280,False,0.9924698795180723,False
090.png,customQ_QF70,25,13280,False,0.9561746987951807,False
090.png,customQ_QF50,25,13280,True,0.9993222891566265,False
091.png,none,19,10216,True,1.0,True
091.png,customQ_QF90,19,10216,True,0.9894283476898982,False
091.png,customQ_QF70,19,10216,False,0.9719068128425998,False
091.png,customQ_QF50,19,10216,True,0.9993148003132342,False
092.png,none,24,12768,True,1.0,True
092.png,customQ_QF90,24,12768,False,0.9893483709273183,False
092.png,customQ_QF70,24,12768,False,0.9553571428571429,False
092.png,customQ_QF50,24,12768,True,0.9992167919799498,False
093.png,none,31,16352,True,1.0,True
093.png,customQ_QF90,31,16352,True,0.9946183953033269,False
093.png,customQ_QF70,31,16352,False,0.9754770058708415,False
093.png,customQ_QF50,31,16352,True,0.9995719178082192,False
094.png,none,24,12768,True,1.0,True
094.png,customQ_QF90,24,12768,False,0.993421052631579,False
094.png,customQ_QF70,24,12768,False,0.9698464912280702,False
094.png,customQ_QF50,24,12768,True,0.9992167919799498,False
095.png,none,27,14304,True,1.0,True
095.png,customQ_QF90,27,14304,True,0.9919602908277405,False
095.png,customQ_QF70,27,14304,False,0.9639261744966443,False
095.png,customQ_QF50,27,14304,True,0.9997902684563759,False
096.png,none,24,12768,True,1.0,True
096.png,customQ_QF90,24,12768,True,0.9967888471177945,False
096.png,customQ_QF70,24,12768,True,0.9755639097744361,False
096.png,customQ_QF50,24,12768,True,0.999921679197995,False
097.png,none,21,11240,True,1.0,True
097.png,customQ_QF90,21,11240,False,0.9885231316725979,False
097.png,customQ_QF70,21,11240,False,0.9572064056939502,False
097.png,customQ_QF50,21,11240,True,0.9991992882562277,False
098.png,none,27,14304,True,1.0,True
098.png,customQ_QF90,27,14304,False,0.9867869127516778,False
098.png,customQ_QF70,27,14304,False,0.9510626398210291,False
098.png,customQ_QF50,27,14304,True,0.9994407158836689,False
099.png,none,25,13280,True,1.0,True
099.png,customQ_QF90,25,13280,True,0.9911144578313253,False
099.png,customQ_QF70,25,13280,False,0.9590361445783132,False
099.png,customQ_QF50,25,13280,True,0.9993975903614458,False
100.png,none,16,8680,True,1.0,True
100.png,customQ_QF90,16,8680,True,0.9882488479262673,False
100.png,customQ_QF70,16,8680,False,0.9589861751152073,False
100.png,customQ_QF50,16,8680,True,0.9997695852534563,False
101.png,none,24,12768,True,1.0,True
101.png,customQ_QF90,24,12768,False,0.9882518796992481,False
101.png,customQ_QF70,24,12768,True,0.9574718045112782,False
101.png,customQ_QF50,24,12768,True,0.9989818295739349,False
102.png,none,18,9704,True,1.0,True
102.png,customQ_QF90,18,9704,True,0.9854699093157461,False
102.png,customQ_QF70,18,9704,False,0.9590890354492992,False
102.png,customQ_QF50,18,9704,True,0.9985572959604286,False
103.png,none,18,9704,True,1.0,True
103.png,customQ_QF90,18,9704,False,0.97959604286892,False
103.png,customQ_QF70,18,9704,False,0.9453833470733718,False
103.png,customQ_QF50,18,9704,True,0.9989694971145919,False
104.png,none,28,14816,True,1.0,True
104.png,customQ_QF90,28,14816,False,0.9920356371490281,False
104.png,customQ_QF70,28,14816,False,0.9635529157667386,False
104.png,customQ_QF50,28,14816,True,0.9994600431965442,False
105.png,none,27,14304,True,1.0,True
105.png,customQ_QF90,27,14304,True,0.9918204697986577,False
105.png,customQ_QF70,27,14304,False,0.9644854586129754,False
105.png,customQ_QF50,27,14304,False,0.9993708053691275,False
106.png,none,18,9704,True,1.0,True
106.png,customQ_QF90,18,9704,True,0.987118713932399,False
106.png,customQ_QF70,18,9704,False,0.9678483099752679,False
106.png,customQ_QF50,18,9704,False,0.9992786479802144,False
107.png,none,19,10216,True,1.0,True
107.png,customQ_QF90,19,10216,False,0.9835552075176194,False
107.png,customQ_QF70,19,10216,False,0.9463586530931871,False
107.png,customQ_QF50,19,10216,True,0.9973570869224746,False
108.png,none,28,14816,True,1.0,True
108.png,customQ_QF90,28,14816,False,0.9936555075593952,False
108.png,customQ_QF70,28,14816,False,0.9683450323974082,False
108.png,customQ_QF50,28,14816,True,0.999797516198704,False
109.png,none,25,13280,True,1.0,True
109.png,customQ_QF90,25,13280,True,0.9875753012048193,False
109.png,customQ_QF70,25,13280,False,0.9491716867469879,False
109.png,customQ_QF50,25,13280,True,0.9992469879518072,False
110.png,none,22,11752,True,1.0,True
110.png,customQ_QF90,22,11752,False,0.9827263444520081,False
110.png,customQ_QF70,22,11752,False,0.9451157249829816,False
110.png,customQ_QF50,22,11752,True,0.9985534377127298,False
111.png,none,27,14304,True,1.0,True
111.png,customQ_QF90,27,14304,True,0.9947567114093959,False
111.png,customQ_QF70,27,14304,False,0.9765799776286354,False
111.png,customQ_QF50,27,14304,True,0.9998601789709173,False
112.png,none,24,12768,True,1.0,True
112.png,customQ_QF90,24,12768,False,0.9923245614035088,False
112.png,customQ_QF70,24,12768,False,0.9699248120300752,False
112.png,customQ_QF50,24,12768,True,0.9995300751879699,False
113.png,none,21,11240,True,1.0,True
113.png,customQ_QF90,21,11240,False,0.9920818505338078,False
113.png,customQ_QF70,21,11240,False,0.9672597864768683,False
113.png,customQ_QF50,21,11240,True,0.9997330960854093,False
114.png,none,30,15840,True,1.0,True
114.png,customQ_QF90,30,15840,False,0.9969065656565657,False
114.png,customQ_QF70,30,15840,False,0.9801767676767676,False
114.png,customQ_QF50,30,15840,True,0.9998737373737374,False
115.png,none,22,11752,True,1.0,True
115.png,customQ_QF90,22,11752,False,0.9947243022464262,False
115.png,customQ_QF70,22,11752,False,0.9763444520081688,False
115.png,customQ_QF50,22,11752,True,0.9998298162014976,False
116.png,none,22,11752,True,1.0,True
116.png,customQ_QF90,22,11752,False,0.9956603131381893,False
116.png,customQ_QF70,22,11752,False,0.9800884955752213,False
116.png,customQ_QF50,22,11752,True,0.9998298162014976,False
117.png,none,21,11240,True,1.0,True
117.png,customQ_QF90,21,11240,True,0.9805160142348754,False
117.png,customQ_QF70,21,11240,False,0.9360320284697509,False
117.png,customQ_QF50,21,11240,True,0.9988434163701068,False
118.png,none,22,11752,True,1.0,True
118.png,customQ_QF90,22,11752,False,0.9927671885636488,False
118.png,customQ_QF70,22,11752,False,0.9737066031313819,False
118.png,customQ_QF50,22,11752,True,0.9995745405037441,False
119.png,none,21,11240,True,1.0,True
119.png,customQ_QF90,21,11240,True,0.9887010676156583,False
119.png,customQ_QF70,21,11240,False,0.9546263345195729,False
119.png,customQ_QF50,21,11240,True,0.9994661921708186,False
120.png,none,27,14304,True,1.0,True
120.png,customQ_QF90,27,14304,False,0.9940576062639821,False
120.png,customQ_QF70,27,14304,True,0.9710570469798657,False
120.png,customQ_QF50,27,14304,True,0.9998601789709173,False
121.png,none,30,15840,True,1.0,True
121.png,customQ_QF90,30,15840,True,0.994760101010101,False
121.png,customQ_QF70,30,15840,False,0.9727904040404041,False
121.png,customQ_QF50,30,15840,True,0.999810606060606,False
122.png,none,27,14304,True,1.0,True
122.png,customQ_QF90,27,14304,True,0.9917505592841164,False
122.png,customQ_QF70,27,14304,False,0.969099552572707,False
122.png,customQ_QF50,27,14304,True,0.9990911633109619,False
123.png,none,27,14304,True,1.0,True
123.png,customQ_QF90,27,14304,True,0.9976929530201343,False
123.png,customQ_QF70,27,14304,False,0.9797958612975392,False
123.png,customQ_QF50,27,14304,True,0.9998601789709173,False
124.png,none,10,5616,True,1.0,True
124.png,customQ_QF90,10,5616,True,0.9798789173789174,False
124.png,customQ_QF70,10,5616,True,0.9560185185185185,False
124.png,customQ_QF50,10,5616,True,0.9987535612535613,False
125.png,none,21,11240,True,1.0,True
125.png,customQ_QF90,21,11240,True,0.9847864768683274,False
125.png,customQ_QF70,21,11240,False,0.9495551601423488,False
125.png,customQ_QF50,21,11240,True,0.998932384341637,False
126.png,none,24,12768,True,1.0,True
126.png,customQ_QF90,24,12768,True,0.9868421052631579,False
126.png,customQ_QF70,24,12768,False,0.9491697994987469,False
126.png,customQ_QF50,24,12768,True,0.9990601503759399,False
127.png,none,31,16352,True,1.0,True
127.png,customQ_QF90,31,16352,False,0.992355675146771,False
127.png,customQ_QF70,31,16352,True,0.961472602739726,False
127.png,customQ_QF50,31,16352,True,0.9995107632093934,False
128.png,none,27,14304,True,1.0,True
128.png,customQ_QF90,27,14304,True,0.9975531319910514,False
128.png,customQ_QF70,27,14304,False,0.9814737136465325,False
128.png,customQ_QF50,27,14304,True,0.9998601789709173,False
129.png,none,27,14304,True,1.0,True
129.png,customQ_QF90,27,14304,False,0.995665548098434,False
129.png,customQ_QF70,27,14304,True,0.9739233780760627,False
129.png,customQ_QF50,27,14304,True,0.9997902684563759,False
130.png,none,19,10216,True,1.0,True
130.png,customQ_QF90,19,10216,True,0.9850234925606891,False
130.png,customQ_QF70,19,10216,True,0.9552662490211433,False
130.png,customQ_QF50,19,10216,True,0.9989232576350823,False
131.png,none,19,10216,True,1.0,True
131.png,customQ_QF90,19,10216,True,0.9843382928739233,False
131.png,customQ_QF70,19,10216,False,0.9501761942051684,False
131.png,customQ_QF50,19,10216,True,0.9993148003132342,False
132.png,none,25,13280,True,1.0,True
132.png,customQ_QF90,25,13280,True,0.9887801204819278,False
132.png,customQ_QF70,25,13280,False,0.9539156626506025,False
132.png,customQ_QF50,25,13280,True,0.9990210843373494,False
133.png,none,25,13280,True,1.0,True
133.png,customQ_QF90,25,13280,True,0.9881777108433735,False
133.png,customQ_QF70,25,13280,True,0.9475150602409639,False
133.png,customQ_QF50,25,13280,True,0.9989457831325301,False
134.png,none,19,10216,True,1.0,True
134.png,customQ_QF90,19,10216,True,0.9933437744714174,False
134.png,customQ_QF70,19,10216,False,0.9644675019577134,False
134.png,customQ_QF50,19,10216,True,0.999804228660924,False
135.png,none,25,13280,True,1.0,True
135.png,customQ_QF90,25,13280,True,0.9882530120481928,False
135.png,customQ_QF70,25,13280,False,0.956777108433735,False
135.png,customQ_QF50,25,13280,True,0.9993222891566265,False
136.png,none,21,11240,True,1.0,True
136.png,customQ_QF90,21,11240,False,0.9854982206405694,False
136.png,customQ_QF70,21,11240,False,0.9544483985765124,False
136.png,customQ_QF50,21,11240,True,0.9995551601423488,False
137.png,none,21,11240,True,1.0,True
137.png,customQ_QF90,21,11240,False,0.9924377224199288,False
137.png,customQ_QF70,21,11240,False,0.9681494661921708,False
137.png,customQ_QF50,21,11240,True,0.9995551601423488,False
138.png,none,24,12768,True,1.0,True
138.png,customQ_QF90,24,12768,True,0.9920112781954887,False
138.png,customQ_QF70,24,12768,True,0.9660870927318296,False
138.png,customQ_QF50,24,12768,True,0.9991384711779449,False
139.png,none,27,14304,True,1.0,True
139.png,customQ_QF90,27,14304,True,0.9907019015659956,False
139.png,customQ_QF70,27,14304,False,0.9675615212527964,False
139.png,customQ_QF50,27,14304,True,0.999650447427293,False
140.png,none,22,11752,True,1.0,True
140.png,customQ_QF90,22,11752,False,0.9863002042205582,False
140.png,customQ_QF70,22,11752,False,0.9498808713410484,False
140.png,customQ_QF50,22,11752,True,0.9989788972089857,False
141.png,none,24,12768,True,1.0,True
141.png,customQ_QF90,24,12768,False,0.9924812030075187,False
141.png,customQ_QF70,24,12768,False,0.9719611528822055,False
141.png,customQ_QF50,24,12768,True,0.9997650375939849,False
142.png,none,22,11752,True,1.0,True
142.png,customQ_QF90,22,11752,True,0.9861300204220558,False
142.png,customQ_QF70,22,11752,True,0.9505616065350578,False
142.png,customQ_QF50,22,11752,True,0.998638529611981,False
143.png,none,27,14304,True,1.0,True
143.png,customQ_QF90,27,14304,False,0.9962248322147651,False
143.png,customQ_QF70,27,14304,True,0.972734899328859,False
143.png,customQ_QF50,27,14304,True,1.0,True
144.png,none,22,11752,True,1.0,True
144.png,customQ_QF90,22,11752,False,0.9874063989108237,False
144.png,customQ_QF70,22,11752,False,0.9535398230088495,False
144.png,customQ_QF50,22,11752,True,0.9984683458134785,False
145.png,none,18,9704,True,1.0,True
145.png,customQ_QF90,18,9704,False,0.9873248145094806,False
145.png,customQ_QF70,18,9704,False,0.9625927452596867,False
145.png,customQ_QF50,18,9704,True,0.9991755976916735,False
146.png,none,22,11752,True,1.0,True
146.png,customQ_QF90,22,11752,True,0.9868958475153166,False
146.png,customQ_QF70,22,11752,False,0.9543056501021103,False
146.png,customQ_QF50,22,11752,True,0.9988087134104833,False
147.png,none,24,12768,True,1.0,True
147.png,customQ_QF90,24,12768,False,0.9942825814536341,False
147.png,customQ_QF70,24,12768,False,0.9706296992481203,False
147.png,customQ_QF50,24,12768,True,0.9997650375939849,False
148.png,none,16,8680,True,1.0,True
148.png,customQ_QF90,16,8680,False,0.9880184331797235,False
148.png,customQ_QF70,16,8680,False,0.9609447004608295,False
148.png,customQ_QF50,16,8680,True,0.9995391705069124,False
149.png,none,28,14816,True,1.0,True
149.png,customQ_QF90,28,14816,True,0.9931830453563715,False
149.png,customQ_QF70,28,14816,False,0.9638228941684666,False
149.png,customQ_QF50,28,14816,True,0.999797516198704,False
150.png,none,24,12768,True,1.0,True
150.png,customQ_QF90,24,12768,False,0.9887218045112782,False
150.png,customQ_QF70,24,12768,False,0.956453634085213,False
150.png,customQ_QF50,24,12768,True,0.9989818295739349,False
151.png,none,22,11752,True,1.0,True
151.png,customQ_QF90,22,11752,True,0.9909802586793737,False
151.png,customQ_QF70,22,11752,False,0.9613682777399591,False
151.png,customQ_QF50,22,11752,True,0.9992341729067393,False
152.png,none,25,13280,True,1.0,True
152.png,customQ_QF90,25,13280,True,0.9915662650602409,False
152.png,customQ_QF70,25,13280,False,0.9636295180722891,False
152.png,customQ_QF50,25,13280,True,0.9989457831325301,False
153.png,none,18,9704,True,1.0,True
153.png,customQ_QF90,18,9704,True,0.9750618301731245,False
153.png,customQ_QF70,18,9704,False,0.9423948887056883,False
153.png,customQ_QF50,18,9704,True,0.9979389942291839,False
154.png,none,22,11752,True,1.0,True
154.png,customQ_QF90,22,11752,True,0.9860449285228047,False
154.png,customQ_QF70,22,11752,True,0.9583900612661674,False
154.png,customQ_QF50,22,11752,True,0.9992341729067393,False
155.png,none,21,11240,True,1.0,True
155.png,customQ_QF90,21,11240,True,0.9921708185053381,False
155.png,customQ_QF70,21,11240,False,0.9758007117437723,False
155.png,customQ_QF50,21,11240,True,0.999288256227758,False
156.png,none,27,14304,True,1.0,True
156.png,customQ_QF90,27,14304,False,0.9902824384787472,False
156.png,customQ_QF70,27,14304,False,0.9581236017897091,False
156.png,customQ_QF50,27,14304,True,0.9991610738255033,False
157.png,none,31,16352,True,1.0,True
157.png,customQ_QF90,31,16352,True,0.9946795499021527,False
157.png,customQ_QF70,31,16352,False,0.9762720156555773,False
157.png,customQ_QF50,31,16352,True,0.9998165362035225,False
158.png,none,25,13280,True,1.0,True
158.png,customQ_QF90,25,13280,False,0.994578313253012,False
158.png,customQ_QF70,25,13280,False,0.9673192771084337,False
158.png,customQ_QF50,25,13280,True,0.9996234939759037,False
159.png,none,28,14816,True,1.0,True
159.png,customQ_QF90,28,14816,False,0.9918331533477321,False
159.png,customQ_QF70,28,14816,False,0.9607181425485961,False
159.png,customQ_QF50,28,14816,True,0.9993250539956804,False
160.png,none,24,12768,True,1.0,True
160.png,customQ_QF90,24,12768,False,0.9927944862155389,False
160.png,customQ_QF70,24,12768,False,0.9760338345864662,False
160.png,customQ_QF50,24,12768,True,0.999921679197995,False
161.png,none,27,14304,True,1.0,True
161.png,customQ_QF90,27,14304,True,0.9924496644295302,False
161.png,customQ_QF70,27,14304,False,0.9635067114093959,False
161.png,customQ_QF50,27,14304,True,0.9997203579418344,False
162.png,none,27,14304,True,1.0,True
162.png,customQ_QF90,27,14304,True,0.9947567114093959,False
162.png,customQ_QF70,27,14304,False,0.9767897091722595,False
162.png,customQ_QF50,27,14304,True,0.9995805369127517,False
163.png,none,27,14304,True,1.0,True
163.png,customQ_QF90,27,14304,False,0.9853887024608501,False
163.png,customQ_QF70,27,14304,False,0.9481963087248322,False
163.png,customQ_QF50,27,14304,True,0.9987416107382551,False
164.png,none,27,14304,True,1.0,True
164.png,customQ_QF90,27,14304,False,0.9905620805369127,False
164.png,customQ_QF70,27,14304,False,0.9602209172259508,False
164.png,customQ_QF50,27,14304,False,0.9993708053691275,False
165.png,none,28,14816,True,1.0,True
165.png,customQ_QF90,28,14816,True,0.9950728941684666,False
165.png,customQ_QF70,28,14816,False,0.974757019438445,False
165.png,customQ_QF50,28,14816,True,0.9997300215982722,False
166.png,none,25,13280,True,1.0,True
166.png,customQ_QF90,25,13280,False,0.9950301204819277,False
166.png,customQ_QF70,25,13280,False,0.9769578313253012,False
166.png,customQ_QF50,25,13280,True,0.9997740963855422,False
167.png,none,27,14304,True,1.0,True
167.png,customQ_QF90,27,14304,True,0.9911213646532439,False
167.png,customQ_QF70,27,14304,False,0.9616191275167785,False
167.png,customQ_QF50,27,14304,True,0.9995805369127517,False
168.png,none,21,11240,True,1.0,True
168.png,customQ_QF90,21,11240,True,0.9879893238434164,False
168.png,customQ_QF70,21,11240,False,0.9566725978647687,False
168.png,customQ_QF50,21,11240,True,0.9993772241992882,False
169.png,none,22,11752,True,1.0,True
169.png,customQ_QF90,22,11752,True,0.9902995234853642,False
169.png,customQ_QF70,22,11752,False,0.9631552076242341,False
169.png,customQ_QF50,22,11752,True,0.9990639891082369,False
170.png,none,19,10216,True,1.0,True
170.png,customQ_QF90,19,10216,False,0.9902114330462021,False
170.png,customQ_QF70,19,10216,False,0.9685787000783085,False
170.png,customQ_QF50,19,10216,True,0.999706342991386,False
171.png,none,31,16352,True,1.0,True
171.png,customQ_QF90,31,16352,True,0.9963918786692759,False
171.png,customQ_QF70,31,16352,False,0.9790239726027398,False
171.png,customQ_QF50,31,16352,True,0.999633072407045,False
172.png,none,19,10216,True,1.0,True
172.png,customQ_QF90,19,10216,False,0.9894283476898982,False
172.png,customQ_QF70,19,10216,False,0.9655442443226312,False
172.png,customQ_QF50,19,10216,True,0.9994126859827721,False
173.png,none,22,11752,True,1.0,True
173.png,customQ_QF90,22,11752,False,0.9908951667801226,False
173.png,customQ_QF70,22,11752,False,0.9628148400272294,False
173.png,customQ_QF50,22,11752,True,0.9996596324029953,False
174.png,none,27,14304,True,1.0,True
174.png,customQ_QF90,27,14304,True,0.9929390380313199,False
174.png,customQ_QF70,27,14304,False,0.9693092841163311,False
174.png,customQ_QF50,27,14304,True,0.9995106263982103,False
175.png,none,25,13280,True,1.0,True
175.png,customQ_QF90,25,13280,False,0.9917168674698795,False
175.png,customQ_QF70,25,13280,False,0.9684487951807229,False
175.png,customQ_QF50,25,13280,True,0.9994728915662651,False
176.png,none,19,10216,True,1.0,True
176.png,customQ_QF90,19,10216,False,0.9803249804228661,False
176.png,customQ_QF70,19,10216,False,0.9407791699295223,False
176.png,customQ_QF50,19,10216,True,0.9978465152701644,False
177.png,none,19,10216,True,1.0,True
177.png,customQ_QF90,19,10216,False,0.9900156617071261,False
177.png,customQ_QF70,19,10216,False,0.9652505873140172,False
177.png,customQ_QF50,19,10216,True,0.999706342991386,False
178.png,none,22,11752,True,1.0,True
178.png,customQ_QF90,22,11752,True,0.9925970047651463,False
178.png,customQ_QF70,22,11752,False,0.9687712729748128,False
178.png,customQ_QF50,22,11752,True,0.9994043567052416,False
179.png,none,24,12768,True,1.0,True
179.png,customQ_QF90,24,12768,True,0.9928728070175439,False
179.png,customQ_QF70,24,12768,True,0.9653038847117794,False
179.png,customQ_QF50,24,12768,True,0.999608395989975,False
180.png,none,25,13280,True,1.0,True
180.png,customQ_QF90,25,13280,True,0.9922439759036145,False
180.png,customQ_QF70,25,13280,False,0.9602409638554217,False
180.png,customQ_QF50,25,13280,True,0.9995481927710843,False
181.png,none,12,6640,True,1.0,True
181.png,customQ_QF90,12,6640,True,0.9795180722891567,False
181.png,customQ_QF70,12,6640,True,0.9382530120481928,False
181.png,customQ_QF50,12,6640,True,0.9993975903614458,False
182.png,none,25,13280,True,1.0,True
182.png,customQ_QF90,25,13280,True,0.9947289156626506,False
182.png,customQ_QF70,25,13280,True,0.9716867469879518,False
182.png,customQ_QF50,25,13280,True,0.9999246987951808,False
183.png,none,28,14816,True,1.0,True
183.png,customQ_QF90,28,14816,False,0.9918331533477321,False
183.png,customQ_QF70,28,14816,False,0.9575458963282938,False
183.png,customQ_QF50,28,14816,True,0.9994600431965442,False
184.png,none,25,13280,True,1.0,True
184.png,customQ_QF90,25,13280,True,0.9868975903614458,False
184.png,customQ_QF70,25,13280,False,0.9496987951807229,False
184.png,customQ_QF50,25,13280,True,0.999171686746988,False
185.png,none,18,9704,True,1.0,True
185.png,customQ_QF90,18,9704,True,0.9899010717230008,False
185.png,customQ_QF70,18,9704,False,0.9619744435284419,False
185.png,customQ_QF50,18,9704,True,0.9997938994229184,False
186.png,none,24,12768,True,1.0,True
186.png,customQ_QF90,24,12768,False,0.9880952380952381,False
186.png,customQ_QF70,24,12768,False,0.9526942355889725,False
186.png,customQ_QF50,24,12768,True,0.9988251879699248,False
187.png,none,22,11752,True,1.0,True
187.png,customQ_QF90,22,11752,True,0.988427501701838,False
187.png,customQ_QF70,22,11752,False,0.957709326072158,False
187.png,customQ_QF50,22,11752,True,0.9994894486044928,False
188.png,none,30,15840,True,1.0,True
188.png,customQ_QF90,30,15840,True,0.9904040404040404,False
188.png,customQ_QF70,30,15840,False,0.9632575757575758,False
188.png,customQ_QF50,30,15840,True,0.9996212121212121,False
189.png,none,21,11240,True,1.0,True
189.png,customQ_QF90,21,11240,False,0.9891459074733097,False
189.png,customQ_QF70,21,11240,False,0.9586298932384342,False
189.png,customQ_QF50,21,11240,True,0.999644128113879,False
190.png,none,25,13280,True,1.0,True
190.png,customQ_QF90,25,13280,True,0.9914909638554217,False
190.png,customQ_QF70,25,13280,False,0.9661144578313253,False
190.png,customQ_QF50,25,13280,True,0.9997740963855422,False
191.png,none,21,11240,True,1.0,True
191.png,customQ_QF90,21,11240,True,0.9879003558718861,False
191.png,customQ_QF70,21,11240,False,0.9606761565836299,False
191.png,customQ_QF50,21,11240,True,0.999288256227758,False
192.png,none,19,10216,True,1.0,True
192.png,customQ_QF90,19,10216,False,0.9917776037588097,False
192.png,customQ_QF70,19,10216,False,0.9758222396241191,False
192.png,customQ_QF50,19,10216,True,0.99951057165231,False
193.png,none,28,14816,True,1.0,True
193.png,customQ_QF90,28,14816,True,0.9932505399568035,False
193.png,customQ_QF70,28,14816,False,0.9678050755939525,False
193.png,customQ_QF50,28,14816,True,0.999932505399568,False
194.png,none,25,13280,True,1.0,True
194.png,customQ_QF90,25,13280,False,0.9951807228915662,False
194.png,customQ_QF70,25,13280,False,0.9732680722891567,False
194.png,customQ_QF50,25,13280,True,0.9997740963855422,False
195.png,none,33,17368,True,1.0,True
195.png,customQ_QF90,33,17368,True,0.9928604329801934,False
195.png,customQ_QF70,33,17368,False,0.9717296176877015,False
195.png,customQ_QF50,33,17368,True,0.9995393827729157,False
196.png,none,33,17368,True,1.0,True
196.png,customQ_QF90,33,17368,True,0.9960847535697835,False
196.png,customQ_QF70,33,17368,False,0.9804813450023031,False
196.png,customQ_QF50,33,17368,True,0.9998272685398434,False
197.png,none,18,9704,True,1.0,True
197.png,customQ_QF90,18,9704,True,0.9878400659521847,False
197.png,customQ_QF70,18,9704,False,0.9682605111294311,False
197.png,customQ_QF50,18,9704,True,0.9996908491343776,False
198.png,none,25,13280,True,1.0,True
198.png,customQ_QF90,25,13280,False,0.9950301204819277,False
198.png,customQ_QF70,25,13280,False,0.9713855421686747,False
198.png,customQ_QF50,25,13280,True,0.9999246987951808,False
199.png,none,27,14304,True,1.0,True
199.png,customQ_QF90,27,14304,True,0.9955956375838926,False
199.png,customQ_QF70,27,14304,False,0.9772091722595079,False
199.png,customQ_QF50,27,14304,True,0.999650447427293,False
200.png,none,28,14816,True,1.0,True
200.png,customQ_QF90,28,14816,False,0.9948029157667386,False
200.png,customQ_QF70,28,14816,False,0.9748245140388769,False
200.png,customQ_QF50,28,14816,True,0.9996625269978402,False
201.png,none,19,10216,True,1.0,True
201.png,customQ_QF90,19,10216,True,0.9916797180892717,False
201.png,customQ_QF70,19,10216,False,0.9742560689115114,False
201.png,customQ_QF50,19,10216,True,0.999804228660924,False
202.png,none,28,14816,True,1.0,True
202.png,customQ_QF90,28,14816,True,0.9912931965442765,False
202.png,customQ_QF70,28,14816,False,0.9661177105831533,False
202.png,customQ_QF50,28,14816,True,0.9995275377969762,False
203.png,none,19,10216,True,1.0,True
203.png,customQ_QF90,19,10216,False,0.9802270947533281,False
203.png,customQ_QF70,19,10216,False,0.9401918559122945,False
203.png,customQ_QF50,19,10216,True,0.9985317149569303,False
204.png,none,18,9704,True,1.0,True
204.png,customQ_QF90,18,9704,False,0.987118713932399,False
204.png,customQ_QF70,18,9704,False,0.9534212695795549,False
204.png,customQ_QF50,18,9704,True,0.9992786479802144,False
205.png,none,18,9704,True,1.0,True
205.png,customQ_QF90,18,9704,False,0.9761953833470733,False
205.png,customQ_QF70,18,9704,False,0.9356966199505359,False
205.png,customQ_QF50,18,9704,True,0.9981450948062655,False
206.png,none,25,13280,True,1.0,True
206.png,customQ_QF90,25,13280,False,0.988027108433735,False
206.png,customQ_QF70,25,13280,False,0.9530873493975903,False
206.png,customQ_QF50,25,13280,True,0.9990210843373494,False
207.png,none,21,11240,True,1.0,True
207.png,customQ_QF90,21,11240,False,0.9918149466192171,False
207.png,customQ_QF70,21,11240,False,0.9556939501779359,False
207.png,customQ_QF50,21,11240,True,0.9998220640569395,False
208.png,none,22,11752,True,1.0,True
208.png,customQ_QF90,22,11752,True,0.9918311776718857,False
208.png,customQ_QF70,22,11752,False,0.9619639210347175,False
208.png,customQ_QF50,22,11752,True,0.9994043567052416,False
209.png,none,22,11752,True,1.0,True
209.png,customQ_QF90,22,11752,True,0.9873213070115725,False
209.png,customQ_QF70,22,11752,True,0.9551565690946222,False
209.png,customQ_QF50,22,11752,True,0.9995745405037441,False
210.png,none,28,14816,True,1.0,True
210.png,customQ_QF90,28,14816,True,0.9905507559395248,False
210.png,customQ_QF70,28,14816,False,0.9557910367170627,False
210.png,customQ_QF50,28,14816,True,0.9997300215982722,False
211.png,none,25,13280,True,1.0,True
211.png,customQ_QF90,25,13280,True,0.9925451807228916,False
211.png,customQ_QF70,25,13280,False,0.9693524096385542,False
211.png,customQ_QF50,25,13280,True,0.9995481927710843,False
212.png,none,21,11240,True,1.0,True
212.png,customQ_QF90,21,11240,False,0.9837188612099644,False
212.png,customQ_QF70,21,11240,False,0.9461743772241993,False
212.png,customQ_QF50,21,11240,True,0.9980427046263345,False
213.png,none,21,11240,True,1.0,True
213.png,customQ_QF90,21,11240,True,0.9932384341637011,False
213.png,customQ_QF70,21,11240,False,0.969306049822064,False
213.png,customQ_QF50,21,11240,True,0.9998220640569395,False
214.png,none,31,16352,True,1.0,True
214.png,customQ_QF90,31,16352,True,0.9888698630136986,False
214.png,customQ_QF70,31,16352,False,0.9548679060665362,False
214.png,customQ_QF50,31,16352,True,0.9992049902152642,False
215.png,none,18,9704,True,1.0,True
215.png,customQ_QF90,18,9704,True,0.9863973619126134,False
215.png,customQ_QF70,18,9704,False,0.9572341302555647,False
215.png,customQ_QF50,18,9704,True,0.9995877988458368,False
216.png,none,27,14304,True,1.0,True
216.png,customQ_QF90,27,14304,False,0.9858780760626398,False
216.png,customQ_QF70,27,14304,False,0.950153803131991,False
216.png,customQ_QF50,27,14304,True,0.9990212527964206,False
217.png,none,24,12768,True,1.0,True
217.png,customQ_QF90,24,12768,True,0.9827694235588973,False
217.png,customQ_QF70,24,12768,False,0.9407111528822055,False
217.png,customQ_QF50,24,12768,True,0.9984335839598998,False
218.png,none,24,12768,True,1.0,True
218.png,customQ_QF90,24,12768,True,0.9960056390977443,False
218.png,customQ_QF70,24,12768,False,0.9776002506265664,False
218.png,customQ_QF50,24,12768,True,0.999608395989975,False
219.png,none,24,12768,True,1.0,True
219.png,customQ_QF90,24,12768,True,0.9848840852130326,False
219.png,customQ_QF70,24,12768,True,0.9424342105263158,False
219.png,customQ_QF50,24,12768,True,0.9989818295739349,False
220.png,none,30,15840,True,1.0,True
220.png,customQ_QF90,30,15840,True,0.9919191919191919,False
220.png,customQ_QF70,30,15840,False,0.9626893939393939,False
220.png,customQ_QF50,30,15840,True,0.9993055555555556,False
221.png,none,28,14816,True,1.0,True
221.png,customQ_QF90,28,14816,True,0.9936555075593952,False
221.png,customQ_QF70,28,14816,False,0.9719897408207343,False
221.png,customQ_QF50,28,14816,True,0.9997300215982722,False
222.png,none,18,9704,True,1.0,True
222.png,customQ_QF90,18,9704,False,0.9883553173948887,False
222.png,customQ_QF70,18,9704,False,0.9603256389117889,False
222.png,customQ_QF50,18,9704,True,0.9993816982687551,False
223.png,none,25,13280,True,1.0,True
223.png,customQ_QF90,25,13280,True,0.9965361445783133,False
223.png,customQ_QF70,25,13280,False,0.9759789156626506,False
223.png,customQ_QF50,25,13280,True,0.9996987951807229,False
224.png,none,22,11752,True,1.0,True
224.png,customQ_QF90,22,11752,True,0.9919162695711369,False
224.png,customQ_QF70,22,11752,False,0.9678352620830497,False
224.png,customQ_QF50,22,11752,True,0.9992341729067393,False
225.png,none,18,9704,True,1.0,True
225.png,customQ_QF90,18,9704,True,0.9811417971970322,False
225.png,customQ_QF70,18,9704,False,0.9443528441879637,False
225.png,customQ_QF50,18,9704,True,0.9984542456718879,False
226.png,none,30,15840,True,1.0,True
226.png,customQ_QF90,30,15840,False,0.9929924242424243,False
226.png,customQ_QF70,30,15840,False,0.9628787878787879,False
226.png,customQ_QF50,30,15840,True,0.9994318181818181,False
227.png,none,25,13280,True,1.0,True
227.png,customQ_QF90,25,13280,True,0.9887801204819278,False
227.png,customQ_QF70,25,13280,False,0.9526355421686747,False
227.png,customQ_QF50,25,13280,True,0.9996234939759037,False
228.png,none,31,16352,True,1.0,True
228.png,customQ_QF90,31,16352,False,0.9892367906066536,False
228.png,customQ_QF70,31,16352,False,0.9489970645792564,False
228.png,customQ_QF50,31,16352,True,0.9991438356164384,False
229.png,none,21,11240,True,1.0,True
229.png,customQ_QF90,21,11240,False,0.9870106761565837,False
229.png,customQ_QF70,21,11240,False,0.9652135231316726,False
229.png,customQ_QF50,21,11240,True,0.9991992882562277,False
230.png,none,27,14304,True,1.0,True
230.png,customQ_QF90,27,14304,True,0.9929390380313199,False
230.png,customQ_QF70,27,14304,False,0.9630173378076062,False
230.png,customQ_QF50,27,14304,True,0.9994407158836689,False
231.png,none,21,11240,True,1.0,True
231.png,customQ_QF90,21,11240,False,0.9876334519572953,False
231.png,customQ_QF70,21,11240,False,0.9588078291814947,False
231.png,customQ_QF50,21,11240,True,0.9991992882562277,False
232.png,none,25,13280,True,1.0,True
232.png,customQ_QF90,25,13280,True,0.9938253012048193,False
232.png,customQ_QF70,25,13280,False,0.9708584337349397,False
232.png,customQ_QF50,25,13280,True,0.9996987951807229,False
233.png,none,33,17368,True,1.0,True
233.png,customQ_QF90,33,17368,True,0.9985029940119761,False
233.png,customQ_QF70,33,17368,False,0.9835905112851221,False
233.png,customQ_QF50,33,17368,True,0.9999424228466145,False
234.png,none,33,17368,True,1.0,True
234.png,customQ_QF90,33,17368,False,0.9928604329801934,False
234.png,customQ_QF70,33,17368,True,0.9674113311837863,False
234.png,customQ_QF50,33,17368,True,0.9997121142330723,False
235.png,none,22,11752,True,1.0,True
235.png,customQ_QF90,22,11752,True,0.9922566371681416,False
235.png,customQ_QF70,22,11752,False,0.9665588835942818,False
235.png,customQ_QF50,22,11752,True,0.9995745405037441,False
236.png,none,28,14816,True,1.0,True
236.png,customQ_QF90,28,14816,False,0.9929130669546437,False
236.png,customQ_QF70,28,14816,False,0.9667251619870411,False
236.png,customQ_QF50,28,14816,True,0.999865010799136,False
237.png,none,21,11240,True,1.0,True
237.png,customQ_QF90,21,11240,False,0.9860320284697509,False
237.png,customQ_QF70,21,11240,False,0.9546263345195729,False
237.png,customQ_QF50,21,11240,True,0.998576512455516,False
238.png,none,22,11752,True,1.0,True
238.png,customQ_QF90,22,11752,False,0.991575901974132,False
238.png,customQ_QF70,22,11752,False,0.9671545268890401,False
238.png,customQ_QF50,22,11752,True,0.9994043567052416,False
239.png,none,22,11752,True,1.0,True
239.png,customQ_QF90,22,11752,False,0.9843430905377808,False
239.png,customQ_QF70,22,11752,False,0.9530292716133424,False
239.png,customQ_QF50,22,11752,True,0.9980428863172226,False
240.png,none,19,10216,True,1.0,True
240.png,customQ_QF90,19,10216,False,0.9847298355520752,False
240.png,customQ_QF70,19,10216,False,0.9442051683633516,False
240.png,customQ_QF50,19,10216,True,0.9991190289741582,False
241.png,none,25,13280,True,1.0,True
241.png,customQ_QF90,25,13280,True,0.9944277108433734,False
241.png,customQ_QF70,25,13280,False,0.9635542168674699,False
241.png,customQ_QF50,25,13280,True,0.9997740963855422,False
242.png,none,27,14304,True,1.0,True
242.png,customQ_QF90,27,14304,False,0.9903523489932886,False
242.png,customQ_QF70,27,14304,True,0.9567253914988815,False
242.png,customQ_QF50,27,14304,False,0.9995805369127517,False
243.png,none,22,11752,True,1.0,True
243.png,customQ_QF90,22,11752,True,0.9853641933287951,False
243.png,customQ_QF70,22,11752,False,0.9528590878148401,False
243.png,customQ_QF50,22,11752,True,0.9989788972089857,False
244.png,none,21,11240,True,1.0,True
244.png,customQ_QF90,21,11240,False,0.9918149466192171,False
244.png,customQ_QF70,21,11240,False,0.9607651245551602,False
244.png,customQ_QF50,21,11240,True,0.9995551601423488,False
245.png,none,19,10216,True,1.0,True
245.png,customQ_QF90,19,10216,True,0.985415035238841,False
245.png,customQ_QF70,19,10216,False,0.9524275646045419,False
245.png,customQ_QF50,19,10216,True,0.9989232576350823,False
246.png,none,31,16352,True,1.0,True
246.png,customQ_QF90,31,16352,False,0.9921722113502935,False
246.png,customQ_QF70,31,16352,False,0.954929060665362,False
246.png,customQ_QF50,31,16352,True,0.9997553816046967,False
247.png,none,21,11240,True,1.0,True
247.png,customQ_QF90,21,11240,False,0.9892348754448399,False
247.png,customQ_QF70,21,11240,False,0.9653024911032029,False
247.png,customQ_QF50,21,11240,True,0.9995551601423488,False
248.png,none,15,8176,True,1.0,True
248.png,customQ_QF90,15,8176,False,0.9755381604696673,False
248.png,customQ_QF70,15,8176,False,0.9157289628180039,False
248.png,customQ_QF50,15,8176,True,0.9986545988258317,False
249.png,none,24,12768,True,1.0,True
249.png,customQ_QF90,24,12768,True,0.9940476190476191,False
249.png,customQ_QF70,24,12768,False,0.9736058897243107,False
249.png,customQ_QF50,24,12768,True,0.99968671679198,False
250.png,none,27,14304,True,1.0,True
250.png,customQ_QF90,27,14304,True,0.995665548098434,False
250.png,customQ_QF70,27,14304,False,0.9724552572706935,False
250.png,customQ_QF50,27,14304,True,0.9999300894854586,False
251.png,none,25,13280,True,1.0,True
251.png,customQ_QF90,25,13280,True,0.9921686746987952,False
251.png,customQ_QF70,25,13280,False,0.9663403614457832,False
251.png,customQ_QF50,25,13280,True,0.9990963855421687,False
252.png,none,15,8176,True,1.0,True
252.png,customQ_QF90,15,8176,True,0.9803082191780822,False
252.png,customQ_QF70,15,8176,False,0.9324853228962818,False
252.png,customQ_QF50,15,8176,False,0.9988992172211351,False
253.png,none,27,14304,True,1.0,True
253.png,customQ_QF90,27,14304,True,0.9953859060402684,False
253.png,customQ_QF70,27,14304,False,0.9790967561521253,False
253.png,customQ_QF50,27,14304,True,0.9999300894854586,False
254.png,none,25,13280,True,1.0,True
254.png,customQ_QF90,25,13280,True,0.9956325301204819,False
254.png,customQ_QF70,25,13280,False,0.9753012048192771,False
254.png,customQ_QF50,25,13280,True,0.9998493975903614,False
255.png,none,22,11752,True,1.0,True
255.png,customQ_QF90,22,11752,False,0.9883424098025868,False
255.png,customQ_QF70,22,11752,False,0.9618788291354663,False
255.png,customQ_QF50,22,11752,True,0.9991490810074881,False
256.png,none,27,14304,True,1.0,True
256.png,customQ_QF90,27,14304,False,0.9869267337807607,False
256.png,customQ_QF70,27,14304,False,0.952670581655481,False
256.png,customQ_QF50,27,14304,True,0.9990911633109619,False
257.png,none,21,11240,True,1.0,True
257.png,customQ_QF90,21,11240,False,0.9877224199288256,False
257.png,customQ_QF70,21,11240,False,0.9612989323843416,False
257.png,customQ_QF50,21,11240,True,0.999288256227758,False
258.png,none,22,11752,True,1.0,True
258.png,customQ_QF90,22,11752,False,0.9925970047651463,False
258.png,customQ_QF70,22,11752,False,0.9689414567733152,False
258.png,customQ_QF50,22,11752,True,0.9994894486044928,False
259.png,none,27,14304,True,1.0,True
259.png,customQ_QF90,27,14304,False,0.9946168903803132,False
259.png,customQ_QF70,27,14304,False,0.96875,False
259.png,customQ_QF50,27,14304,True,0.9999300894854586,False
260.png,none,25,13280,True,1.0,True
260.png,customQ_QF90,25,13280,True,0.9947289156626506,False
260.png,customQ_QF70,25,13280,False,0.9752259036144578,False
260.png,customQ_QF50,25,13280,True,0.9996987951807229,False
261.png,none,28,14816,True,1.0,True
261.png,customQ_QF90,28,14816,True,0.9981101511879049,False
261.png,customQ_QF70,28,14816,False,0.9838687904967602,False
261.png,customQ_QF50,28,14816,True,1.0,True
262.png,none,18,9704,True,1.0,True
262.png,customQ_QF90,18,9704,False,0.9824814509480626,False
262.png,customQ_QF70,18,9704,False,0.9480626545754328,False
262.png,customQ_QF50,18,9704,True,0.9985572959604286,False
263.png,none,24,12768,True,1.0,True
263.png,customQ_QF90,24,12768,True,0.9851973684210527,False
263.png,customQ_QF70,24,12768,False,0.93734335839599,False
263.png,customQ_QF50,24,12768,True,0.9981986215538847,False
264.png,none,22,11752,True,1.0,True
264.png,customQ_QF90,22,11752,False,0.9837474472430224,False
264.png,customQ_QF70,22,11752,False,0.9446051735874744,False
264.png,customQ_QF50,22,11752,True,0.998638529611981,False
265.png,none,25,13280,True,1.0,True
265.png,customQ_QF90,25,13280,True,0.9876506024096385,False
265.png,customQ_QF70,25,13280,False,0.953539156626506,False
265.png,customQ_QF50,25,13280,True,0.9995481927710843,False
266.png,none,22,11752,True,1.0,True
266.png,customQ_QF90,22,11752,False,0.9824710687542546,False
266.png,customQ_QF70,22,11752,False,0.9472430224642614,False
266.png,customQ_QF50,22,11752,True,0.9989788972089857,False
267.png,none,27,14304,True,1.0,True
267.png,customQ_QF90,27,14304,False,0.9915408277404921,False
267.png,customQ_QF70,27,14304,False,0.9638562639821029,False
267.png,customQ_QF50,27,14304,True,0.9998601789709173,False
268.png,none,24,12768,True,1.0,True
268.png,customQ_QF90,24,12768,False,0.9908364661654135,False
268.png,customQ_QF70,24,12768,False,0.9638941102756893,False
268.png,customQ_QF50,24,12768,True,0.9992167919799498,False
269.png,none,30,15840,True,1.0,True
269.png,customQ_QF90,30,15840,True,0.995770202020202,False
269.png,customQ_QF70,30,15840,False,0.9777146464646465,False
269.png,customQ_QF50,30,15840,True,1.0,True
270.png,none,25,13280,True,1.0,True
270.png,customQ_QF90,25,13280,True,0.9954819277108434,False
270.png,customQ_QF70,25,13280,False,0.9810993975903615,False
270.png,customQ_QF50,25,13280,True,0.9998493975903614,False
271.png,none,22,11752,True,1.0,True
271.png,customQ_QF90,22,11752,True,0.988427501701838,False
271.png,customQ_QF70,22,11752,False,0.9560925799863853,False
271.png,customQ_QF50,22,11752,True,0.9994894486044928,False
272.png,none,21,11240,True,1.0,True
272.png,customQ_QF90,21,11240,False,0.9917259786476869,False
272.png,customQ_QF70,21,11240,False,0.9669928825622776,False
272.png,customQ_QF50,21,11240,True,0.9995551601423488,False
273.png,none,21,11240,True,1.0,True
273.png,customQ_QF90,21,11240,True,0.9867437722419928,False
273.png,customQ_QF70,21,11240,True,0.9512455516014235,False
273.png,customQ_QF50,21,11240,True,0.9991992882562277,False
274.png,none,19,10216,True,1.0,True
274.png,customQ_QF90,19,10216,True,0.9891346906812842,False
274.png,customQ_QF70,19,10216,False,0.961530931871574,False
274.png,customQ_QF50,19,10216,True,0.9992169146436961,False
275.png,none,22,11752,True,1.0,True
275.png,customQ_QF90,22,11752,True,0.9937031994554119,False
275.png,customQ_QF70,22,11752,False,0.9739618788291354,False
275.png,customQ_QF50,22,11752,True,0.9995745405037441,False
276.png,none,21,11240,True,1.0,True
276.png,customQ_QF90,21,11240,True,0.9877224199288256,False
276.png,customQ_QF70,21,11240,False,0.9540035587188612,False
276.png,customQ_QF50,21,11240,True,0.9988434163701068,False
277.png,none,27,14304,True,1.0,True
277.png,customQ_QF90,27,14304,False,0.9933585011185683,False
277.png,customQ_QF70,27,14304,False,0.9681907158836689,False
277.png,customQ_QF50,27,14304,True,0.999650447427293,False
278.png,none,22,11752,True,1.0,True
278.png,customQ_QF90,22,11752,False,0.9870660313138189,False
278.png,customQ_QF70,22,11752,False,0.9519230769230769,False
278.png,customQ_QF50,22,11752,True,0.9988938053097345,False
279.png,none,22,11752,True,1.0,True
279.png,customQ_QF90,22,11752,True,0.9921715452688904,False
279.png,customQ_QF70,22,11752,False,0.9676650782845473,False
279.png,customQ_QF50,22,11752,True,0.9995745405037441,False
280.png,none,28,14816,True,1.0,True
280.png,customQ_QF90,28,14816,True,0.9946004319654428,False
280.png,customQ_QF70,28,14816,True,0.9740820734341252,False
280.png,customQ_QF50,28,14816,True,0.999865010799136,False
281.png,none,28,14816,True,1.0,True
281.png,customQ_QF90,28,14816,False,0.9908882289416847,False
281.png,customQ_QF70,28,14816,False,0.958963282937365,False
281.png,customQ_QF50,28,14816,True,0.9994600431965442,False
282.png,none,28,14816,True,1.0,True
282.png,customQ_QF90,28,14816,True,0.9955453563714903,False
282.png,customQ_QF70,28,14816,False,0.9758369330453563,False
282.png,customQ_QF50,28,14816,True,0.999865010799136,False
283.png,none,27,14304,True,1.0,True
283.png,customQ_QF90,27,14304,True,0.9876258389261745,False
283.png,customQ_QF70,27,14304,True,0.9555369127516778,False
283.png,customQ_QF50,27,14304,True,0.9993008948545862,False
284.png,none,30,15840,True,1.0,True
284.png,customQ_QF90,30,15840,True,0.9962752525252525,False
284.png,customQ_QF70,30,15840,False,0.9717171717171718,False
284.png,customQ_QF50,30,15840,True,0.9998737373737374,False
285.png,none,19,10216,True,1.0,True
285.png,customQ_QF90,19,10216,True,0.9940289741581833,False
285.png,customQ_QF70,19,10216,True,0.976115896632733,False
285.png,customQ_QF50,19,10216,True,0.999902114330462,False
286.png,none,24,12768,True,1.0,True
286.png,customQ_QF90,24,12768,False,0.9866071428571429,False
286.png,customQ_QF70,24,12768,False,0.9508145363408521,False
286.png,customQ_QF50,24,12768,True,0.9995300751879699,False
287.png,none,21,11240,True,1.0,True
287.png,customQ_QF90,21,11240,False,0.9844306049822064,False
287.png,customQ_QF70,21,11240,False,0.9477758007117437,False
287.png,customQ_QF50,21,11240,True,0.9983096085409253,False
288.png,none,25,13280,True,1.0,True
288.png,customQ_QF90,25,13280,True,0.9906626506024097,False
288.png,customQ_QF70,25,13280,False,0.9606927710843374,False
288.png,customQ_QF50,25,13280,True,0.9993975903614458,False
289.png,none,25,13280,True,1.0,True
289.png,customQ_QF90,25,13280,False,0.9923945783132531,False
289.png,customQ_QF70,25,13280,False,0.9692018072289157,False
289.png,customQ_QF50,25,13280,True,0.9993975903614458,False
290.png,none,19,10216,True,1.0,True
290.png,customQ_QF90,19,10216,False,0.9941268598277212,False
290.png,customQ_QF70,19,10216,False,0.9797376664056382,False
290.png,customQ_QF50,19,10216,True,0.999804228660924,False
291.png,none,28,14816,True,1.0,True
291.png,customQ_QF90,28,14816,False,0.9958828293736501,False
291.png,customQ_QF70,28,14816,False,0.9767143628509719,False
291.png,customQ_QF50,28,14816,True,0.999865010799136,False
292.png,none,25,13280,True,1.0,True
292.png,customQ_QF90,25,13280,False,0.9876506024096385,False
292.png,customQ_QF70,25,13280,False,0.9489457831325301,False
292.png,customQ_QF50,25,13280,True,0.9985692771084337,False
293.png,none,19,10216,True,1.0,True
293.png,customQ_QF90,19,10216,True,0.9799334377447142,False
293.png,customQ_QF70,19,10216,True,0.9352975724353955,False
293.png,customQ_QF50,19,10216,True,0.9991190289741582,False
294.png,none,22,11752,True,1.0,True
294.png,customQ_QF90,22,11752,False,0.9886827773995915,False
294.png,customQ_QF70,22,11752,False,0.9539652825051055,False
294.png,customQ_QF50,22,11752,True,0.9989788972089857,False
295.png,none,19,10216,True,1.0,True
295.png,customQ_QF90,19,10216,False,0.9918754894283477,False
295.png,customQ_QF70,19,10216,False,0.9658379013312451,False
295.png,customQ_QF50,19,10216,True,0.999706342991386,False
296.png,none,24,12768,True,1.0,True
296.png,customQ_QF90,24,12768,True,0.9975720551378446,False
296.png,customQ_QF70,24,12768,False,0.981359649122807,False
296.png,customQ_QF50,24,12768,True,0.999921679197995,False
297.png,none,27,14304,True,1.0,True
297.png,customQ_QF90,27,14304,True,0.9925195749440716,False
297.png,customQ_QF70,27,14304,False,0.9670022371364653,False
297.png,customQ_QF50,27,14304,True,0.9993708053691275,False
298.png,none,30,15840,True,1.0,True
298.png,customQ_QF90,30,15840,True,0.9909722222222223,False
298.png,customQ_QF70,30,15840,False,0.9605429292929293,False
298.png,customQ_QF50,30,15840,True,0.9996212121212121,False
299.png,none,27,14304,True,1.0,True
299.png,customQ_QF90,27,14304,True,0.9960850111856824,False
299.png,customQ_QF70,27,14304,False,0.9803551454138703,False
299.png,customQ_QF50,27,14304,True,0.9999300894854586,False
300.png,none,24,12768,True,1.0,True
300.png,customQ_QF90,24,12768,False,0.9891134085213033,False
300.png,customQ_QF70,24,12768,False,0.9607612781954887,False
300.png,customQ_QF50,24,12768,True,0.9992167919799498,False
301.png,none,21,11240,True,1.0,True
301.png,customQ_QF90,21,11240,True,0.9863879003558719,False
301.png,customQ_QF70,21,11240,False,0.9604092526690391,False
301.png,customQ_QF50,21,11240,True,0.9990213523131672,False
302.png,none,13,7152,True,1.0,True
302.png,customQ_QF90,13,7152,False,0.9794463087248322,False
302.png,customQ_QF70,13,7152,False,0.9546979865771812,False
302.png,customQ_QF50,13,7152,True,0.9993008948545862,False
303.png,none,28,14816,True,1.0,True
303.png,customQ_QF90,28,14816,False,0.9889308855291576,False
303.png,customQ_QF70,28,14816,False,0.9459368250539957,False
303.png,customQ_QF50,28,14816,True,0.9993250539956804,False
304.png,none,28,14816,True,1.0,True
304.png,customQ_QF90,28,14816,False,0.9929805615550756,False
304.png,customQ_QF70,28,14816,True,0.9682775377969762,False
304.png,customQ_QF50,28,14816,True,0.9993925485961123,False
305.png,none,25,13280,True,1.0,True
305.png,customQ_QF90,25,13280,False,0.9908885542168675,False
305.png,customQ_QF70,25,13280,False,0.967921686746988,False
305.png,customQ_QF50,25,13280,True,0.9994728915662651,False
306.png,none,27,14304,True,1.0,True
306.png,customQ_QF90,27,14304,True,0.9944770693512304,False
306.png,customQ_QF70,27,14304,False,0.9741331096196868,False
306.png,customQ_QF50,27,14304,True,0.9997203579418344,False
307.png,none,15,8176,True,1.0,True
307.png,customQ_QF90,15,8176,False,0.9825097847358122,False
307.png,customQ_QF70,15,8176,False,0.949486301369863,False
307.png,customQ_QF50,15,8176,True,0.9975538160469667,False
308.png,none,27,14304,True,1.0,True
308.png,customQ_QF90,27,14304,False,0.9904921700223713,False
308.png,customQ_QF70,27,14304,False,0.9571448545861297,False
308.png,customQ_QF50,27,14304,True,0.9995805369127517,False
309.png,none,25,13280,True,1.0,True
309.png,customQ_QF90,25,13280,True,0.9911897590361446,False
309.png,customQ_QF70,25,13280,True,0.9620481927710843,False
309.png,customQ_QF50,25,13280,True,0.9994728915662651,False
310.png,none,22,11752,True,1.0,True
310.png,customQ_QF90,22,11752,True,0.9919162695711369,False
310.png,customQ_QF70,22,11752,False,0.9606024506466985,False
310.png,customQ_QF50,22,11752,True,0.9994894486044928,False
311.png,none,19,10216,True,1.0,True
311.png,customQ_QF90,19,10216,False,0.9876664056382146,False
311.png,customQ_QF70,19,10216,False,0.9622161315583398,False
311.png,customQ_QF50,19,10216,True,0.999706342991386,False
312.png,none,24,12768,True,1.0,True
312.png,customQ_QF90,24,12768,False,0.9862155388471178,False
312.png,customQ_QF70,24,12768,False,0.9553571428571429,False
312.png,customQ_QF50,24,12768,True,0.9991384711779449,False
313.png,none,25,13280,True,1.0,True
313.png,customQ_QF90,25,13280,True,0.9911144578313253,False
313.png,customQ_QF70,25,13280,False,0.9583584337349398,False
313.png,customQ_QF50,25,13280,True,0.9996234939759037,False
314.png,none,25,13280,True,1.0,True
314.png,customQ_QF90,25,13280,True,0.996762048192771,False
314.png,customQ_QF70,25,13280,False,0.9789909638554217,False
314.png,customQ_QF50,25,13280,True,0.9998493975903614,False
315.png,none,25,13280,True,1.0,True
315.png,customQ_QF90,25,13280,True,0.9882530120481928,False
315.png,customQ_QF70,25,13280,False,0.9594879518072289,False
315.png,customQ_QF50,25,13280,True,0.9990963855421687,False
316.png,none,31,16352,True,1.0,True
316.png,customQ_QF90,31,16352,True,0.9907045009784736,False
316.png,customQ_QF70,31,16352,False,0.9609833659491194,False
316.png,customQ_QF50,31,16352,True,0.9996942270058709,False
317.png,none,22,11752,True,1.0,True
317.png,customQ_QF90,22,11752,False,0.9858747447243023,False
317.png,customQ_QF70,22,11752,False,0.9543907420013614,False
317.png,customQ_QF50,22,11752,True,0.9988938053097345,False
318.png,none,18,9704,True,1.0,True
318.png,customQ_QF90,18,9704,True,0.9768136850783182,False
318.png,customQ_QF70,18,9704,False,0.9368301731244848,False
318.png,customQ_QF50,18,9704,True,0.998351195383347,False
319.png,none,21,11240,True,1.0,True
319.png,customQ_QF90,21,11240,True,0.9892348754448399,False
319.png,customQ_QF70,21,11240,False,0.9548042704626335,False
319.png,customQ_QF50,21,11240,True,0.998932384341637,False
320.png,none,30,15840,True,1.0,True
320.png,customQ_QF90,30,15840,True,0.9986742424242424,False
320.png,customQ_QF70,30,15840,False,0.9858585858585859,False
320.png,customQ_QF50,30,15840,True,1.0,True
321.png,none,27,14304,True,1.0,True
321.png,customQ_QF90,27,14304,True,0.9946868008948546,False
321.png,customQ_QF70,27,14304,False,0.9701482102908278,False
321.png,customQ_QF50,27,14304,True,0.9997902684563759,False
322.png,none,19,10216,True,1.0,True
322.png,customQ_QF90,19,10216,True,0.9876664056382146,False
322.png,customQ_QF70,19,10216,False,0.9620203602192638,False
322.png,customQ_QF50,19,10216,True,0.9992169146436961,False
323.png,none,24,12768,True,1.0,True
323.png,customQ_QF90,24,12768,True,0.9956923558897243,False
323.png,customQ_QF70,24,12768,True,0.975172305764411,False
323.png,customQ_QF50,24,12768,True,1.0,True
324.png,none,22,11752,True,1.0,True
324.png,customQ_QF90,22,11752,False,0.9874063989108237,False
324.png,customQ_QF70,22,11752,False,0.9617086453369639,False
324.png,customQ_QF50,22,11752,True,0.9995745405037441,False
325.png,none,28,14816,True,1.0,True
325.png,customQ_QF90,28,14816,True,0.993992980561555,False
325.png,customQ_QF70,28,14816,False,0.968615010799136,False
325.png,customQ_QF50,28,14816,True,0.9994600431965442,False
326.png,none,31,16352,True,1.0,True
326.png,customQ_QF90,31,16352,True,0.993089530332681,False
326.png,customQ_QF70,31,16352,False,0.964041095890411,False
326.png,customQ_QF50,31,16352,True,0.9998776908023483,False
327.png,none,24,12768,True,1.0,True
327.png,customQ_QF90,24,12768,False,0.9852756892230576,False
327.png,customQ_QF70,24,12768,False,0.9514411027568922,False
327.png,customQ_QF50,24,12768,True,0.9990601503759399,False
328.png,none,28,14816,True,1.0,True
328.png,customQ_QF90,28,14816,True,0.9976376889848813,False
328.png,customQ_QF70,28,14816,True,0.9767818574514039,False
328.png,customQ_QF50,28,14816,True,0.999865010799136,False
329.png,none,18,9704,True,1.0,True
329.png,customQ_QF90,18,9704,False,0.9852638087386645,False
329.png,customQ_QF70,18,9704,False,0.9536273701566365,False
329.png,customQ_QF50,18,9704,True,0.9988664468260511,False
330.png,none,19,10216,True,1.0,True
330.png,customQ_QF90,19,10216,True,0.9814017227877838,False
330.png,customQ_QF70,19,10216,False,0.9524275646045419,False
330.png,customQ_QF50,19,10216,True,0.9986296006264683,False
331.png,none,21,11240,True,1.0,True
331.png,customQ_QF90,21,11240,False,0.9857651245551602,False
331.png,customQ_QF70,21,11240,False,0.9543594306049822,False
331.png,customQ_QF50,21,11240,True,0.9991992882562277,False
332.png,none,22,11752,True,1.0,True
332.png,customQ_QF90,22,11752,False,0.9953199455411845,False
332.png,customQ_QF70,22,11752,False,0.9797481279782164,False
332.png,customQ_QF50,22,11752,True,0.9999149081007488,False
333.png,none,22,11752,True,1.0,True
333.png,customQ_QF90,22,11752,False,0.9934479237576582,False
333.png,customQ_QF70,22,11752,True,0.9673247106875426,False
333.png,customQ_QF50,22,11752,True,1.0,True
334.png,none,24,12768,True,1.0,True
334.png,customQ_QF90,24,12768,False,0.987312030075188,False
334.png,customQ_QF70,24,12768,False,0.9523026315789473,False
334.png,customQ_QF50,24,12768,True,0.9991384711779449,False
335.png,none,22,11752,True,1.0,True
335.png,customQ_QF90,22,11752,True,0.992001361470388,False
335.png,customQ_QF70,22,11752,False,0.9639210347174949,False
335.png,customQ_QF50,22,11752,True,0.9996596324029953,False
336.png,none,24,12768,True,1.0,True
336.png,customQ_QF90,24,12768,False,0.9909147869674185,False
336.png,customQ_QF70,24,12768,False,0.9635025062656641,False
336.png,customQ_QF50,24,12768,True,0.9995300751879699,False
337.png,none,22,11752,True,1.0,True
337.png,customQ_QF90,22,11752,True,0.988852961198094,False
337.png,customQ_QF70,22,11752,False,0.9534547311095983,False
337.png,customQ_QF50,22,11752,True,0.9993192648059904,False
338.png,none,18,9704,True,1.0,True
338.png,customQ_QF90,18,9704,False,0.9784624896949712,False
338.png,customQ_QF70,18,9704,False,0.938272877164056,False
338.png,customQ_QF50,18,9704,True,0.9985572959604286,False
339.png,none,16,8680,True,1.0,True
339.png,customQ_QF90,16,8680,False,0.9827188940092166,False
339.png,customQ_QF70,16,8680,False,0.9447004608294931,False
339.png,customQ_QF50,16,8680,True,0.9988479262672811,False
340.png,none,27,14304,True,1.0,True
340.png,customQ_QF90,27,14304,False,0.9943372483221476,False
340.png,customQ_QF70,27,14304,False,0.9758808724832215,False
340.png,customQ_QF50,27,14304,True,0.9999300894854586,False
341.png,none,25,13280,True,1.0,True
341.png,customQ_QF90,25,13280,False,0.9920180722891566,False
341.png,customQ_QF70,25,13280,False,0.9636295180722891,False
341.png,customQ_QF50,25,13280,True,0.9996987951807229,False
342.png,none,25,13280,True,1.0,True
342.png,customQ_QF90,25,13280,True,0.9908132530120481,False
342.png,customQ_QF70,25,13280,False,0.9600150602409638,False
342.png,customQ_QF50,25,13280,True,0.9994728915662651,False
343.png,none,25,13280,True,1.0,True
343.png,customQ_QF90,25,13280,False,0.9940512048192771,False
343.png,customQ_QF70,25,13280,False,0.9681475903614458,False
343.png,customQ_QF50,25,13280,True,0.9996987951807229,False
344.png,none,21,11240,True,1.0,True
344.png,customQ_QF90,21,11240,True,0.9927046263345196,False
344.png,customQ_QF70,21,11240,False,0.9680604982206406,False
344.png,customQ_QF50,21,11240,True,0.999644128113879,False
345.png,none,18,9704,True,1.0,True
345.png,customQ_QF90,18,9704,True,0.9760923330585326,False
345.png,customQ_QF70,18,9704,False,0.9283800494641385,False
345.png,customQ_QF50,18,9704,True,0.9980420445177246,False
346.png,none,19,10216,True,1.0,True
346.png,customQ_QF90,19,10216,True,0.9930501174628035,False
346.png,customQ_QF70,19,10216,True,0.9708300704776821,False
346.png,customQ_QF50,19,10216,True,0.999902114330462,False
347.png,none,21,11240,True,1.0,True
347.png,customQ_QF90,21,11240,False,0.9899466192170818,False
347.png,customQ_QF70,21,11240,False,0.954982206405694,False
347.png,customQ_QF50,21,11240,True,0.999644128113879,False
348.png,none,24,12768,True,1.0,True
348.png,customQ_QF90,24,12768,False,0.9916196741854637,False
348.png,customQ_QF70,24,12768,False,0.9669486215538847,False
348.png,customQ_QF50,24,12768,True,0.9995300751879699,False
349.png,none,30,15840,True,1.0,True
349.png,customQ_QF90,30,15840,True,0.9962121212121212,False
349.png,customQ_QF70,30,15840,False,0.9720959595959596,False
349.png,customQ_QF50,30,15840,True,0.9997474747474747,False
350.png,none,24,12768,True,1.0,True
350.png,customQ_QF90,24,12768,False,0.9959273182957393,False
350.png,customQ_QF70,24,12768,False,0.9765037593984962,False
350.png,customQ_QF50,24,12768,True,1.0,True
351.png,none,22,11752,True,1.0,True
351.png,customQ_QF90,22,11752,True,0.991575901974132,False
351.png,customQ_QF70,22,11752,True,0.9606024506466985,False
351.png,customQ_QF50,22,11752,True,0.9994894486044928,False
352.png,none,27,14304,True,1.0,True
352.png,customQ_QF90,27,14304,False,0.9907019015659956,False
352.png,customQ_QF70,27,14304,False,0.9694491051454138,False
352.png,customQ_QF50,27,14304,True,0.9993708053691275,False
353.png,none,27,14304,True,1.0,True
353.png,customQ_QF90,27,14304,True,0.9910514541387024,False
353.png,customQ_QF70,27,14304,False,0.9609899328859061,False
353.png,customQ_QF50,27,14304,True,0.9997902684563759,False
354.png,none,24,12768,True,1.0,True
354.png,customQ_QF90,24,12768,True,0.987703634085213,False
354.png,customQ_QF70,24,12768,False,0.9606829573934837,False
354.png,customQ_QF50,24,12768,True,0.9994517543859649,False
355.png,none,31,16352,True,1.0,True
355.png,customQ_QF90,31,16352,True,0.9912548923679061,False
355.png,customQ_QF70,31,16352,False,0.963307240704501,False
355.png,customQ_QF50,31,16352,True,0.999633072407045,False
356.png,none,31,16352,True,1.0,True
356.png,customQ_QF90,31,16352,False,0.9903987279843445,False
356.png,customQ_QF70,31,16352,False,0.9594545009784736,False
356.png,customQ_QF50,31,16352,True,0.9992049902152642,False
357.png,none,30,15840,True,1.0,True
357.png,customQ_QF90,30,15840,False,0.9917929292929293,False
357.png,customQ_QF70,30,15840,False,0.9610479797979798,False
357.png,customQ_QF50,30,15840,True,0.9997474747474747,False
358.png,none,21,11240,True,1.0,True
358.png,customQ_QF90,21,11240,False,0.9800711743772242,False
358.png,customQ_QF70,21,11240,False,0.9404804270462633,False
358.png,customQ_QF50,21,11240,True,0.9987544483985765,False
359.png,none,25,13280,True,1.0,True
359.png,customQ_QF90,25,13280,True,0.9920180722891566,False
359.png,customQ_QF70,25,13280,False,0.9718373493975904,False
359.png,customQ_QF50,25,13280,True,0.9992469879518072,False
360.png,none,24,12768,True,1.0,True
360.png,customQ_QF90,24,12768,True,0.9852756892230576,False
360.png,customQ_QF70,24,12768,False,0.9418076441102757,False
360.png,customQ_QF50,24,12768,True,0.9989035087719298,False
361.png,none,19,10216,True,1.0,True
361.png,customQ_QF90,19,10216,False,0.99030931871574,False
361.png,customQ_QF70,19,10216,False,0.9602584181675803,False
361.png,customQ_QF50,19,10216,True,0.9994126859827721,False
362.png,none,27,14304,True,1.0,True
362.png,customQ_QF90,27,14304,True,0.9854586129753915,False
362.png,customQ_QF70,27,14304,False,0.9466582774049217,False
362.png,customQ_QF50,27,14304,True,0.9990212527964206,False
363.png,none,24,12768,True,1.0,True
363.png,customQ_QF90,24,12768,False,0.9865288220551378,False
363.png,customQ_QF70,24,12768,False,0.9530075187969925,False
363.png,customQ_QF50,24,12768,True,0.9989818295739349,False
364.png,none,21,11240,True,1.0,True
364.png,customQ_QF90,21,11240,True,0.9867437722419928,False
364.png,customQ_QF70,21,11240,False,0.9546263345195729,False
364.png,customQ_QF50,21,11240,True,0.9990213523131672,False
365.png,none,24,12768,True,1.0,True
365.png,customQ_QF90,24,12768,False,0.9919329573934837,False
365.png,customQ_QF70,24,12768,False,0.9612312030075187,False
365.png,customQ_QF50,24,12768,True,0.9993734335839599,False
366.png,none,21,11240,True,1.0,True
366.png,customQ_QF90,21,11240,False,0.9871886120996441,False
366.png,customQ_QF70,21,11240,False,0.9562277580071175,False
366.png,customQ_QF50,21,11240,True,0.999288256227758,False
367.png,none,18,9704,True,1.0,True
367.png,customQ_QF90,18,9704,False,0.9874278647980215,False
367.png,customQ_QF70,18,9704,False,0.9610469909315746,False
367.png,customQ_QF50,18,9704,True,0.9990725474031328,False
368.png,none,27,14304,True,1.0,True
368.png,customQ_QF90,27,14304,False,0.9949664429530202,False
368.png,customQ_QF70,27,14304,False,0.9744826621923938,False
368.png,customQ_QF50,27,14304,True,1.0,True
369.png,none,16,8680,True,1.0,True
369.png,customQ_QF90,16,8680,False,0.9821428571428571,False
369.png,customQ_QF70,16,8680,False,0.9382488479262673,False
369.png,customQ_QF50,16,8680,True,0.9987327188940092,False
370.png,none,22,11752,True,1.0,True
370.png,customQ_QF90,22,11752,True,0.9914057181756297,False
370.png,customQ_QF70,22,11752,False,0.962219196732471,False
370.png,customQ_QF50,22,11752,True,0.9998298162014976,False
371.png,none,24,12768,True,1.0,True
371.png,customQ_QF90,24,12768,False,0.9939692982456141,False
371.png,customQ_QF70,24,12768,False,0.9665570175438597,False
371.png,customQ_QF50,24,12768,True,0.9997650375939849,False
372.png,none,22,11752,True,1.0,True
372.png,customQ_QF90,22,11752,False,0.9923417290673928,False
372.png,customQ_QF70,22,11752,False,0.9669843430905378,False
372.png,customQ_QF50,22,11752,True,0.9994894486044928,False
373.png,none,28,14816,True,1.0,True
373.png,customQ_QF90,28,14816,True,0.9910907127429806,False
373.png,customQ_QF70,28,14816,False,0.9626079913606912,False
373.png,customQ_QF50,28,14816,True,0.9995275377969762,False
374.png,none,25,13280,True,1.0,True
374.png,customQ_QF90,25,13280,False,0.9933734939759036,False
374.png,customQ_QF70,25,13280,False,0.9673192771084337,False
374.png,customQ_QF50,25,13280,True,0.9996234939759037,False
375.png,none,25,13280,True,1.0,True
375.png,customQ_QF90,25,13280,True,0.990512048192771,False
375.png,customQ_QF70,25,13280,False,0.9588102409638555,False
375.png,customQ_QF50,25,13280,True,0.9998493975903614,False
376.png,none,22,11752,True,1.0,True
376.png,customQ_QF90,22,11752,False,0.9867256637168141,False
376.png,customQ_QF70,22,11752,False,0.9566882232811437,False
376.png,customQ_QF50,22,11752,True,0.9994043567052416,False
377.png,none,19,10216,True,1.0,True
377.png,customQ_QF90,19,10216,False,0.9834573218480814,False
377.png,customQ_QF70,19,10216,False,0.9561472200469852,False
377.png,customQ_QF50,19,10216,False,0.9986296006264683,False
378.png,none,25,13280,True,1.0,True
378.png,customQ_QF90,25,13280,False,0.9920180722891566,False
378.png,customQ_QF70,25,13280,False,0.9558734939759036,False
378.png,customQ_QF50,25,13280,True,0.9997740963855422,False
379.png,none,30,15840,True,1.0,True
379.png,customQ_QF90,30,15840,True,0.9922348484848484,False
379.png,customQ_QF70,30,15840,True,0.9662878787878788,False
379.png,customQ_QF50,30,15840,True,0.9997474747474747,False
380.png,none,24,12768,True,1.0,True
380.png,customQ_QF90,24,12768,False,0.9912280701754386,False
380.png,customQ_QF70,24,12768,False,0.9604479949874687,False
380.png,customQ_QF50,24,12768,True,0.9990601503759399,False
381.png,none,24,12768,True,1.0,True
381.png,customQ_QF90,24,12768,False,0.9857456140350878,False
381.png,customQ_QF70,24,12768,False,0.9462719298245614,False
381.png,customQ_QF50,24,12768,True,0.9993734335839599,False
382.png,none,25,13280,True,1.0,True
382.png,customQ_QF90,25,13280,True,0.9929969879518072,False
382.png,customQ_QF70,25,13280,False,0.9640813253012048,False
382.png,customQ_QF50,25,13280,True,0.9996234939759037,False
383.png,none,24,12768,True,1.0,True
383.png,customQ_QF90,24,12768,True,0.9924812030075187,False
383.png,customQ_QF70,24,12768,False,0.9648339598997494,False
383.png,customQ_QF50,24,12768,True,0.999608395989975,False
384.png,none,19,10216,True,1.0,True
384.png,customQ_QF90,19,10216,False,0.9824784651527017,False
384.png,customQ_QF70,19,10216,False,0.9475332811276429,False
384.png,customQ_QF50,19,10216,True,0.9993148003132342,False
385.png,none,24,12768,True,1.0,True
385.png,customQ_QF90,24,12768,True,0.9878602756892231,False
385.png,customQ_QF70,24,12768,False,0.9477600250626567,False
385.png,customQ_QF50,24,12768,True,0.9993734335839599,False
386.png,none,24,12768,True,1.0,True
386.png,customQ_QF90,24,12768,False,0.9884085213032582,False
386.png,customQ_QF70,24,12768,False,0.9513627819548872,False
386.png,customQ_QF50,24,12768,True,0.9986685463659147,False
387.png,none,16,8680,True,1.0,True
387.png,customQ_QF90,16,8680,True,0.9902073732718895,False
387.png,customQ_QF70,16,8680,False,0.9612903225806452,False
387.png,customQ_QF50,16,8680,True,0.9991935483870967,False
388.png,none,18,9704,True,1.0,True
388.png,customQ_QF90,18,9704,False,0.9789777411376752,False
388.png,customQ_QF70,18,9704,False,0.9446619950535862,False
388.png,customQ_QF50,18,9704,True,0.9982481450948063,False
389.png,none,19,10216,True,1.0,True
389.png,customQ_QF90,19,10216,True,0.9902114330462021,False
389.png,customQ_QF70,19,10216,False,0.9666209866875489,False
389.png,customQ_QF50,19,10216,True,0.9992169146436961,False
390.png,none,28,14816,True,1.0,True
390.png,customQ_QF90,28,14816,True,0.9872435205183585,False
390.png,customQ_QF70,28,14816,False,0.9458018358531317,False
390.png,customQ_QF50,28,14816,True,0.9985151187904968,False
391.png,none,24,12768,True,1.0,True
391.png,customQ_QF90,24,12768,False,0.9969454887218046,False
391.png,customQ_QF70,24,12768,False,0.9804981203007519,False
391.png,customQ_QF50,24,12768,True,1.0,True
392.png,none,24,12768,True,1.0,True
392.png,customQ_QF90,24,12768,False,0.9900532581453634,False
392.png,customQ_QF70,24,12768,False,0.9602913533834586,False
392.png,customQ_QF50,24,12768,True,0.9992167919799498,False
393.png,none,28,14816,True,1.0,True
393.png,customQ_QF90,28,14816,False,0.9922381209503239,False
393.png,customQ_QF70,28,14816,False,0.9665226781857451,False
393.png,customQ_QF50,28,14816,True,0.9997300215982722,False
394.png,none,15,8176,True,1.0,True
394.png,customQ_QF90,15,8176,True,0.9820205479452054,False
394.png,customQ_QF70,15,8176,True,0.9365215264187867,False
394.png,customQ_QF50,15,8176,True,0.9987769080234834,False
395.png,none,25,13280,True,1.0,True
395.png,customQ_QF90,25,13280,True,0.9908132530120481,False
395.png,customQ_QF70,25,13280,False,0.9573042168674699,False
395.png,customQ_QF50,25,13280,True,0.9996987951807229,False
396.png,none,21,11240,True,1.0,True
396.png,customQ_QF90,21,11240,True,0.9862989323843416,False
396.png,customQ_QF70,21,11240,False,0.9523131672597864,False
396.png,customQ_QF50,21,11240,True,0.9991992882562277,False
397.png,none,28,14816,True,1.0,True
397.png,customQ_QF90,28,14816,True,0.9949379049676026,False
397.png,customQ_QF70,28,14816,False,0.9710448164146869,False
397.png,customQ_QF50,28,14816,True,0.9995950323974082,False
398.png,none,27,14304,True,1.0,True
398.png,customQ_QF90,27,14304,True,0.9893736017897091,False
398.png,customQ_QF70,27,14304,False,0.9448406040268457,False
398.png,customQ_QF50,27,14304,True,0.9992309843400448,False
399.png,none,30,15840,True,1.0,True
399.png,customQ_QF90,30,15840,True,0.9931818181818182,False
399.png,customQ_QF70,30,15840,False,0.9706439393939394,False
399.png,customQ_QF50,30,15840,True,0.9996212121212121,False
