experiment,PE,PE_sd,AUC,AUC_lo,AUC_hi,AUC_0.30,AUC_0.35,AUC_0.40,AUC_0.45,AUC_0.50,AUC_0.55
"DEDS embedder, fine-tuned covers (matched detector)",0.039999999999999994,0.005728219618694801,1.0,0.9999999999999999,1.0,1.0,1.0,1.0,1.0,1.0,1.0
"DEDS embedder, fine-tuned covers, re-embedded (matched detector)",0.042874999999999996,0.009066593902894295,1.0,0.9999999999999999,1.0,1.0,1.0,1.0,1.0,1.0,1.0
"DEDS embedder, baseline covers (matched detector)",0.016875,0.0036763602924631857,1.0,0.9999999999999999,1.0,1.0,1.0,1.0,1.0,1.0,1.0
"S-UNIWARD, fine-tuned covers (matched detector)",0.184,0.008212033852828418,0.8904681250000002,0.8685574999999999,0.913299375,0.7951020408163265,0.8605103806228374,0.9336072664359862,0.881502000615574,0.9408090422367638,0.926611570247934
"LSB matching, fine-tuned covers (matched detector)",0.08775000000000001,0.0047037219305566935,0.9710581249999999,0.9590432812499999,0.98163125,0.9661224489795919,0.9381487889273357,0.9753460207612457,0.9876885195444752,0.992266508030934,0.9745454545454545
"S-UNIWARD, baseline covers (matched detector)",0.21875,0.006422616289332557,0.8675762499999999,0.8438095312500001,0.8886357812500001,0.7934693877551021,0.845371972318339,0.8739186851211074,0.899661434287473,0.8923259964306959,0.8971900826446281
"LSB matching, baseline covers (matched detector)",0.118875,0.00628614548034008,0.9508643750000001,0.9362246874999999,0.9637375,0.9079591836734694,0.9225778546712804,0.9718858131487889,0.9566020313942752,0.951368233194527,0.9828099173553719
"DEDS embedder, fine-tuned covers (detector trained on S-UNIWARD)",0.170375,0.02929937072703099,0.9041225,0.84374921875,0.94766875,0.9046938775510204,0.888840830449827,0.9067906574394464,0.8654970760233918,0.8402736466389054,0.7970247933884298
"DEDS embedder, fine-tuned covers (detector trained on LSB matching)",0.26875,0.012449899597988732,0.863960625,0.8203303125,0.90486578125,0.9491836734693878,0.8884083044982699,0.8468858131487889,0.8654970760233918,0.8091909577632361,0.7302479338842975
