image,split
bs_00000.png,val
bs_00001.png,train
bs_00002.png,train
bs_00003.png,val
bs_00004.png,train
bs_00005.png,train
bs_00006.png,train
bs_00007.png,train
bs_00008.png,train
bs_00009.png,train
bs_00010.png,train
bs_00011.png,train
bs_00012.png,train
bs_00013.png,test
bs_00014.png,train
bs_00015.png,train
bs_00016.png,train
bs_00017.png,train
bs_00018.png,train
bs_00019.png,train
bs_00020.png,train
bs_00021.png,train
bs_00022.png,train
bs_00023.png,train
bs_00024.png,train
bs_00025.png,train
bs_00026.png,train
bs_00027.png,train
bs_00028.png,test
bs_00029.png,train
bs_00030.png,train
bs_00031.png,train
bs_00032.png,train
bs_00033.png,train
bs_00034.png,train
bs_00035.png,train
bs_00036.png,test
bs_00037.png,train
bs_00038.png,test
bs_00039.png,train
bs_00040.png,train
bs_00041.png,train
bs_00042.png,train
bs_00043.png,train
bs_00044.png,train
bs_00045.png,train
bs_00046.png,val
bs_00047.png,test
bs_00048.png,train
bs_00049.png,val
bs_00050.png,train
bs_00051.png,train
bs_00052.png,train
bs_00053.png,test
bs_00054.png,train
bs_00055.png,train
bs_00056.png,train
bs_00057.png,val
bs_00058.png,train
bs_00059.png,train
bs_00060.png,train
bs_00061.png,train
bs_00062.png,train
bs_00063.png,train
bs_00064.png,train
bs_00065.png,train
bs_00066.png,test
bs_00067.png,train
bs_00068.png,val
bs_00069.png,val
bs_00070.png,val
bs_00071.png,train
bs_00072.png,train
bs_00073.png,test
bs_00074.png,train
bs_00075.png,test
bs_00076.png,train
bs_00077.png,train
bs_00078.png,test
bs_00079.png,train
bs_00080.png,train
bs_00081.png,train
bs_00082.png,train
bs_00083.png,train
bs_00084.png,train
bs_00085.png,test
bs_00086.png,test
bs_00087.png,train
bs_00088.png,train
bs_00089.png,train
bs_00090.png,train
bs_00091.png,train
bs_00092.png,train
bs_00093.png,train
bs_00094.png,train
bs_00095.png,train
bs_00096.png,train
bs_00097.png,test
bs_00098.png,train
bs_00099.png,train
bs_00100.png,train
bs_00101.png,train
bs_00102.png,train
bs_00103.png,train
bs_00104.png,test
bs_00105.png,train
bs_00106.png,train
bs_00107.png,test
bs_00108.png,train
bs_00109.png,train
bs_00110.png,train
bs_00111.png,train
bs_00112.png,train
bs_00113.png,train
bs_00114.png,train
bs_00115.png,train
bs_00116.png,test
bs_00117.png,train
bs_00118.png,train
bs_00119.png,train
bs_00120.png,train
bs_00121.png,train
bs_00122.png,train
bs_00123.png,train
bs_00124.png,train
bs_00125.png,train
bs_00126.png,train
bs_00127.png,val
bs_00128.png,val
bs_00129.png,train
bs_00130.png,train
bs_00131.png,train
bs_00132.png,train
bs_00133.png,train
bs_00134.png,train
bs_00135.png,train
bs_00136.png,train
bs_00137.png,train
bs_00138.png,train
bs_00139.png,test
bs_00140.png,train
bs_00141.png,train
bs_00142.png,train
bs_00143.png,val
bs_00144.png,train
bs_00145.png,train
bs_00146.png,train
bs_00147.png,train
bs_00148.png,train
bs_00149.png,train
bs_00150.png,train
bs_00151.png,train
bs_00152.png,train
bs_00153.png,train
bs_00154.png,test
bs_00155.png,train
bs_00156.png,train
bs_00157.png,train
bs_00158.png,test
bs_00159.png,val
bs_00160.png,train
bs_00161.png,train
bs_00162.png,train
bs_00163.png,train
bs_00164.png,train
bs_00165.png,train
bs_00166.png,train
bs_00167.png,train
bs_00168.png,val
bs_00169.png,train
bs_00170.png,train
bs_00171.png,train
bs_00172.png,train
bs_00173.png,train
bs_00174.png,train
bs_00175.png,train
bs_00176.png,val
bs_00177.png,test
bs_00178.png,test
bs_00179.png,train
bs_00180.png,train
bs_00181.png,train
bs_00182.png,test
bs_00183.png,train
bs_00184.png,train
bs_00185.png,test
bs_00186.png,train
bs_00187.png,train
bs_00188.png,train
bs_00189.png,train
bs_00190.png,train
bs_00191.png,train
bs_00192.png,train
bs_00193.png,train
bs_00194.png,train
bs_00195.png,train
bs_00196.png,train
bs_00197.png,train
bs_00198.png,train
bs_00199.png,train
bs_00200.png,val
bs_00201.png,test
bs_00202.png,test
bs_00203.png,train
bs_00204.png,train
bs_00205.png,train
bs_00206.png,val
bs_00207.png,train
bs_00208.png,train
bs_00209.png,test
bs_00210.png,test
bs_00211.png,train
bs_00212.png,train
bs_00213.png,test
bs_00214.png,train
bs_00215.png,val
bs_00216.png,train
bs_00217.png,train
bs_00218.png,train
bs_00219.png,train
bs_00220.png,train
bs_00221.png,val
bs_00222.png,val
bs_00223.png,train
bs_00224.png,train
bs_00225.png,train
bs_00226.png,train
bs_00227.png,train
bs_00228.png,test
bs_00229.png,test
bs_00230.png,val
bs_00231.png,test
bs_00232.png,train
bs_00233.png,train
bs_00234.png,train
bs_00235.png,train
bs_00236.png,train
bs_00237.png,train
bs_00238.png,test
bs_00239.png,train
bs_00240.png,train
bs_00241.png,train
bs_00242.png,train
bs_00243.png,train
bs_00244.png,train
bs_00245.png,train
bs_00246.png,train
bs_00247.png,train
bs_00248.png,test
bs_00249.png,test
bs_00250.png,train
bs_00251.png,train
bs_00252.png,train
bs_00253.png,train
bs_00254.png,train
bs_00255.png,train
bs_00256.png,val
bs_00257.png,train
bs_00258.png,train
bs_00259.png,test
bs_00260.png,train
bs_00261.png,train
bs_00262.png,train
bs_00263.png,val
bs_00264.png,test
bs_00265.png,train
bs_00266.png,test
bs_00267.png,train
bs_00268.png,train
bs_00269.png,train
bs_00270.png,train
bs_00271.png,test
bs_00272.png,train
bs_00273.png,train
bs_00274.png,train
bs_00275.png,train
bs_00276.png,train
bs_00277.png,train
bs_00278.png,train
bs_00279.png,val
bs_00280.png,train
bs_00281.png,train
bs_00282.png,train
bs_00283.png,train
bs_00284.png,train
bs_00285.png,train
bs_00286.png,train
bs_00287.png,train
bs_00288.png,train
bs_00289.png,train
bs_00290.png,train
bs_00291.png,test
bs_00292.png,train
bs_00293.png,train
bs_00294.png,train
bs_00295.png,train
bs_00296.png,train
bs_00297.png,test
bs_00298.png,train
bs_00299.png,train
bs_00300.png,train
bs_00301.png,train
bs_00302.png,train
bs_00303.png,train
bs_00304.png,train
bs_00305.png,train
bs_00306.png,val
bs_00307.png,train
bs_00308.png,train
bs_00309.png,val
bs_00310.png,train
bs_00311.png,train
bs_00312.png,train
bs_00313.png,train
bs_00314.png,val
bs_00315.png,train
bs_00316.png,test
bs_00317.png,train
bs_00318.png,train
bs_00319.png,train
bs_00320.png,train
bs_00321.png,val
bs_00322.png,train
bs_00323.png,train
bs_00324.png,train
bs_00325.png,val
bs_00326.png,test
bs_00327.png,train
bs_00328.png,train
bs_00329.png,val
bs_00330.png,val
bs_00331.png,train
bs_00332.png,train
bs_00333.png,val
bs_00334.png,train
bs_00335.png,train
bs_00336.png,train
bs_00337.png,train
bs_00338.png,train
bs_00339.png,train
bs_00340.png,train
bs_00341.png,train
bs_00342.png,train
bs_00343.png,train
bs_00344.png,train
bs_00345.png,train
bs_00346.png,train
bs_00347.png,test
bs_00348.png,train
bs_00349.png,train
bs_00350.png,train
bs_00351.png,train
bs_00352.png,train
bs_00353.png,train
bs_00354.png,train
bs_00355.png,test
bs_00356.png,train
bs_00357.png,train
bs_00358.png,train
bs_00359.png,train
bs_00360.png,train
bs_00361.png,train
bs_00362.png,train
bs_00363.png,val
bs_00364.png,test
bs_00365.png,test
bs_00366.png,train
bs_00367.png,train
bs_00368.png,val
bs_00369.png,test
bs_00370.png,train
bs_00371.png,val
bs_00372.png,train
bs_00373.png,train
bs_00374.png,val
bs_00375.png,train
bs_00376.png,train
bs_00377.png,train
bs_00378.png,test
bs_00379.png,train
bs_00380.png,train
bs_00381.png,train
bs_00382.png,test
bs_00383.png,train
bs_00384.png,train
bs_00385.png,train
bs_00386.png,train
bs_00387.png,train
bs_00388.png,train
bs_00389.png,train
bs_00390.png,train
bs_00391.png,val
bs_00392.png,train
bs_00393.png,train
bs_00394.png,train
bs_00395.png,train
bs_00396.png,train
bs_00397.png,train
bs_00398.png,train
bs_00399.png,test
bs_00400.png,train
bs_00401.png,train
bs_00402.png,test
bs_00403.png,train
bs_00404.png,train
bs_00405.png,train
bs_00406.png,train
bs_00407.png,train
bs_00408.png,train
bs_00409.png,train
bs_00410.png,val
bs_00411.png,train
bs_00412.png,test
bs_00413.png,train
bs_00414.png,train
bs_00415.png,train
bs_00416.png,test
bs_00417.png,val
bs_00418.png,val
bs_00419.png,train
bs_00420.png,val
bs_00421.png,train
bs_00422.png,val
bs_00423.png,train
bs_00424.png,train
bs_00425.png,train
bs_00426.png,train
bs_00427.png,train
bs_00428.png,train
bs_00429.png,train
bs_00430.png,train
bs_00431.png,train
bs_00432.png,train
bs_00433.png,train
bs_00434.png,train
bs_00435.png,train
bs_00436.png,train
bs_00437.png,val
bs_00438.png,train
bs_00439.png,train
bs_00440.png,train
bs_00441.png,train
bs_00442.png,train
bs_00443.png,train
bs_00444.png,train
bs_00445.png,test
bs_00446.png,train
bs_00447.png,train
bs_00448.png,train
bs_00449.png,train
bs_00450.png,test
bs_00451.png,train
bs_00452.png,train
bs_00453.png,train
bs_00454.png,test
bs_00455.png,train
bs_00456.png,train
bs_00457.png,test
bs_00458.png,train
bs_00459.png,train
bs_00460.png,train
bs_00461.png,train
bs_00462.png,train
bs_00463.png,train
bs_00464.png,train
bs_00465.png,train
bs_00466.png,train
bs_00467.png,train
bs_00468.png,train
bs_00469.png,train
bs_00470.png,test
bs_00471.png,train
bs_00472.png,train
bs_00473.png,train
bs_00474.png,train
bs_00475.png,test
bs_00476.png,train
bs_00477.png,train
bs_00478.png,test
bs_00479.png,train
bs_00480.png,val
bs_00481.png,train
bs_00482.png,train
bs_00483.png,train
bs_00484.png,train
bs_00485.png,train
bs_00486.png,train
bs_00487.png,train
bs_00488.png,test
bs_00489.png,train
bs_00490.png,train
bs_00491.png,train
bs_00492.png,train
bs_00493.png,train
bs_00494.png,train
bs_00495.png,train
bs_00496.png,train
bs_00497.png,train
bs_00498.png,val
bs_00499.png,val
bs_00500.png,train
bs_00501.png,train
bs_00502.png,train
bs_00503.png,train
bs_00504.png,train
bs_00505.png,train
bs_00506.png,train
bs_00507.png,train
bs_00508.png,train
bs_00509.png,train
bs_00510.png,train
bs_00511.png,train
bs_00512.png,train
bs_00513.png,train
bs_00514.png,train
bs_00515.png,train
bs_00516.png,test
bs_00517.png,train
bs_00518.png,train
bs_00519.png,train
bs_00520.png,train
bs_00521.png,val
bs_00522.png,train
bs_00523.png,train
bs_00524.png,train
bs_00525.png,train
bs_00526.png,train
bs_00527.png,val
bs_00528.png,train
bs_00529.png,train
bs_00530.png,val
bs_00531.png,train
bs_00532.png,train
bs_00533.png,train
bs_00534.png,test
bs_00535.png,train
bs_00536.png,train
bs_00537.png,train
bs_00538.png,train
bs_00539.png,val
bs_00540.png,train
bs_00541.png,train
bs_00542.png,train
bs_00543.png,train
bs_00544.png,train
bs_00545.png,val
bs_00546.png,train
bs_00547.png,train
bs_00548.png,train
bs_00549.png,train
bs_00550.png,val
bs_00551.png,val
bs_00552.png,train
bs_00553.png,train
bs_00554.png,train
bs_00555.png,val
bs_00556.png,train
bs_00557.png,train
bs_00558.png,train
bs_00559.png,train
bs_00560.png,train
bs_00561.png,train
bs_00562.png,train
bs_00563.png,train
bs_00564.png,train
bs_00565.png,train
bs_00566.png,train
bs_00567.png,train
bs_00568.png,train
bs_00569.png,train
bs_00570.png,train
bs_00571.png,train
bs_00572.png,train
bs_00573.png,train
bs_00574.png,train
bs_00575.png,test
bs_00576.png,train
bs_00577.png,val
bs_00578.png,train
bs_00579.png,train
bs_00580.png,train
bs_00581.png,train
bs_00582.png,train
bs_00583.png,train
bs_00584.png,val
bs_00585.png,train
bs_00586.png,val
bs_00587.png,train
bs_00588.png,train
bs_00589.png,val
bs_00590.png,train
bs_00591.png,train
bs_00592.png,train
bs_00593.png,train
bs_00594.png,train
bs_00595.png,train
bs_00596.png,train
bs_00597.png,train
bs_00598.png,train
bs_00599.png,train
bs_00600.png,train
bs_00601.png,train
bs_00602.png,test
bs_00603.png,train
bs_00604.png,train
bs_00605.png,train
bs_00606.png,train
bs_00607.png,train
bs_00608.png,test
bs_00609.png,train
bs_00610.png,train
bs_00611.png,train
bs_00612.png,train
bs_00613.png,train
bs_00614.png,train
bs_00615.png,train
bs_00616.png,train
bs_00617.png,train
bs_00618.png,test
bs_00619.png,train
bs_00620.png,val
bs_00621.png,train
bs_00622.png,train
bs_00623.png,train
bs_00624.png,train
bs_00625.png,train
bs_00626.png,train
bs_00627.png,train
bs_00628.png,test
bs_00629.png,train
bs_00630.png,train
bs_00631.png,train
bs_00632.png,train
bs_00633.png,train
bs_00634.png,train
bs_00635.png,train
bs_00636.png,train
bs_00637.png,train
bs_00638.png,train
bs_00639.png,val
bs_00640.png,train
bs_00641.png,train
bs_00642.png,train
bs_00643.png,val
bs_00644.png,train
bs_00645.png,train
bs_00646.png,val
bs_00647.png,val
bs_00648.png,train
bs_00649.png,train
bs_00650.png,train
bs_00651.png,train
bs_00652.png,train
bs_00653.png,train
bs_00654.png,train
bs_00655.png,train
bs_00656.png,train
bs_00657.png,test
bs_00658.png,train
bs_00659.png,val
bs_00660.png,train
bs_00661.png,train
bs_00662.png,train
bs_00663.png,train
bs_00664.png,train
bs_00665.png,train
bs_00666.png,train
bs_00667.png,val
bs_00668.png,train
bs_00669.png,train
bs_00670.png,train
bs_00671.png,train
bs_00672.png,train
bs_00673.png,train
bs_00674.png,train
bs_00675.png,train
bs_00676.png,train
bs_00677.png,train
bs_00678.png,train
bs_00679.png,train
bs_00680.png,train
bs_00681.png,train
bs_00682.png,train
bs_00683.png,train
bs_00684.png,train
bs_00685.png,train
bs_00686.png,test
bs_00687.png,train
bs_00688.png,train
bs_00689.png,train
bs_00690.png,train
bs_00691.png,train
bs_00692.png,train
bs_00693.png,train
bs_00694.png,train
bs_00695.png,train
bs_00696.png,train
bs_00697.png,train
bs_00698.png,train
bs_00699.png,train
bs_00700.png,train
bs_00701.png,test
bs_00702.png,train
bs_00703.png,test
bs_00704.png,train
bs_00705.png,test
bs_00706.png,train
bs_00707.png,train
bs_00708.png,train
bs_00709.png,train
bs_00710.png,train
bs_00711.png,train
bs_00712.png,train
bs_00713.png,train
bs_00714.png,train
bs_00715.png,train
bs_00716.png,train
bs_00717.png,train
bs_00718.png,train
bs_00719.png,train
bs_00720.png,train
bs_00721.png,train
bs_00722.png,test
bs_00723.png,train
bs_00724.png,test
bs_00725.png,val
bs_00726.png,train
bs_00727.png,train
bs_00728.png,train
bs_00729.png,train
bs_00730.png,val
bs_00731.png,train
bs_00732.png,train
bs_00733.png,train
bs_00734.png,train
bs_00735.png,train
bs_00736.png,train
bs_00737.png,train
bs_00738.png,train
bs_00739.png,train
bs_00740.png,train
bs_00741.png,val
bs_00742.png,train
bs_00743.png,test
bs_00744.png,test
bs_00745.png,train
bs_00746.png,train
bs_00747.png,train
bs_00748.png,train
bs_00749.png,train
bs_00750.png,train
bs_00751.png,train
bs_00752.png,train
bs_00753.png,train
bs_00754.png,train
bs_00755.png,train
bs_00756.png,train
bs_00757.png,train
bs_00758.png,train
bs_00759.png,train
bs_00760.png,train
bs_00761.png,train
bs_00762.png,test
bs_00763.png,train
bs_00764.png,train
bs_00765.png,train
bs_00766.png,test
bs_00767.png,train
bs_00768.png,test
bs_00769.png,train
bs_00770.png,train
bs_00771.png,train
bs_00772.png,train
bs_00773.png,train
bs_00774.png,val
bs_00775.png,train
bs_00776.png,train
bs_00777.png,train
bs_00778.png,train
bs_00779.png,train
bs_00780.png,train
bs_00781.png,val
bs_00782.png,test
bs_00783.png,train
bs_00784.png,train
bs_00785.png,test
bs_00786.png,test
bs_00787.png,train
bs_00788.png,val
bs_00789.png,test
bs_00790.png,train
bs_00791.png,val
bs_00792.png,train
bs_00793.png,train
bs_00794.png,test
bs_00795.png,train
bs_00796.png,train
bs_00797.png,train
bs_00798.png,train
bs_00799.png,val
bs_00800.png,train
bs_00801.png,train
bs_00802.png,train
bs_00803.png,train
bs_00804.png,train
bs_00805.png,train
bs_00806.png,train
bs_00807.png,train
bs_00808.png,train
bs_00809.png,train
bs_00810.png,val
bs_00811.png,train
bs_00812.png,train
bs_00813.png,val
bs_00814.png,train
bs_00815.png,train
bs_00816.png,test
bs_00817.png,train
bs_00818.png,train
bs_00819.png,train
bs_00820.png,train
bs_00821.png,train
bs_00822.png,train
bs_00823.png,val
bs_00824.png,train
bs_00825.png,test
bs_00826.png,train
bs_00827.png,train
bs_00828.png,train
bs_00829.png,train
bs_00830.png,train
bs_00831.png,train
bs_00832.png,train
bs_00833.png,train
bs_00834.png,train
bs_00835.png,test
bs_00836.png,train
bs_00837.png,train
bs_00838.png,train
bs_00839.png,train
bs_00840.png,val
bs_00841.png,train
bs_00842.png,train
bs_00843.png,train
bs_00844.png,test
bs_00845.png,train
bs_00846.png,train
bs_00847.png,train
bs_00848.png,train
bs_00849.png,train
bs_00850.png,train
bs_00851.png,train
bs_00852.png,train
bs_00853.png,train
bs_00854.png,val
bs_00855.png,train
bs_00856.png,train
bs_00857.png,train
bs_00858.png,train
bs_00859.png,train
bs_00860.png,train
bs_00861.png,train
bs_00862.png,train
bs_00863.png,val
bs_00864.png,train
bs_00865.png,train
bs_00866.png,train
bs_00867.png,val
bs_00868.png,train
bs_00869.png,train
bs_00870.png,val
bs_00871.png,test
bs_00872.png,val
bs_00873.png,train
bs_00874.png,train
bs_00875.png,train
bs_00876.png,train
bs_00877.png,train
bs_00878.png,train
bs_00879.png,train
bs_00880.png,train
bs_00881.png,train
bs_00882.png,train
bs_00883.png,train
bs_00884.png,train
bs_00885.png,test
bs_00886.png,train
bs_00887.png,train
bs_00888.png,test
bs_00889.png,train
bs_00890.png,train
bs_00891.png,train
bs_00892.png,train
bs_00893.png,train
bs_00894.png,test
bs_00895.png,train
bs_00896.png,train
bs_00897.png,train
bs_00898.png,val
bs_00899.png,train
bs_00900.png,test
bs_00901.png,train
bs_00902.png,train
bs_00903.png,train
bs_00904.png,train
bs_00905.png,train
bs_00906.png,train
bs_00907.png,train
bs_00908.png,val
bs_00909.png,train
bs_00910.png,test
bs_00911.png,train
bs_00912.png,train
bs_00913.png,val
bs_00914.png,train
bs_00915.png,train
bs_00916.png,test
bs_00917.png,val
bs_00918.png,train
bs_00919.png,train
bs_00920.png,train
bs_00921.png,train
bs_00922.png,train
bs_00923.png,test
bs_00924.png,train
bs_00925.png,train
bs_00926.png,train
bs_00927.png,train
bs_00928.png,train
bs_00929.png,train
bs_00930.png,train
bs_00931.png,train
bs_00932.png,train
bs_00933.png,val
bs_00934.png,train
bs_00935.png,train
bs_00936.png,train
bs_00937.png,test
bs_00938.png,train
bs_00939.png,train
bs_00940.png,train
bs_00941.png,train
bs_00942.png,train
bs_00943.png,train
bs_00944.png,train
bs_00945.png,train
bs_00946.png,train
bs_00947.png,train
bs_00948.png,train
bs_00949.png,train
bs_00950.png,train
bs_00951.png,train
bs_00952.png,train
bs_00953.png,train
bs_00954.png,train
bs_00955.png,train
bs_00956.png,val
bs_00957.png,train
bs_00958.png,train
bs_00959.png,test
bs_00960.png,train
bs_00961.png,train
bs_00962.png,test
bs_00963.png,train
bs_00964.png,train
bs_00965.png,test
bs_00966.png,train
bs_00967.png,val
bs_00968.png,train
bs_00969.png,val
bs_00970.png,train
bs_00971.png,train
bs_00972.png,train
bs_00973.png,train
bs_00974.png,train
bs_00975.png,test
bs_00976.png,train
bs_00977.png,train
bs_00978.png,train
bs_00979.png,train
bs_00980.png,train
bs_00981.png,train
bs_00982.png,train
bs_00983.png,train
bs_00984.png,train
bs_00985.png,train
bs_00986.png,train
bs_00987.png,val
bs_00988.png,train
bs_00989.png,train
bs_00990.png,test
bs_00991.png,train
bs_00992.png,train
bs_00993.png,train
bs_00994.png,train
bs_00995.png,train
bs_00996.png,train
bs_00997.png,val
bs_00998.png,train
bs_00999.png,val
bs_01000.png,train
bs_01001.png,train
bs_01002.png,train
bs_01003.png,val
bs_01004.png,test
bs_01005.png,train
bs_01006.png,val
bs_01007.png,train
bs_01008.png,train
bs_01009.png,train
bs_01010.png,train
bs_01011.png,val
bs_01012.png,train
bs_01013.png,train
bs_01014.png,train
bs_01015.png,train
bs_01016.png,train
bs_01017.png,train
bs_01018.png,train
bs_01019.png,test
bs_01020.png,train
bs_01021.png,train
bs_01022.png,test
bs_01023.png,train
bs_01024.png,train
bs_01025.png,train
bs_01026.png,train
bs_01027.png,train
bs_01028.png,val
bs_01029.png,val
bs_01030.png,train
bs_01031.png,train
bs_01032.png,train
bs_01033.png,train
bs_01034.png,train
bs_01035.png,train
bs_01036.png,val
bs_01037.png,train
bs_01038.png,val
bs_01039.png,train
bs_01040.png,train
bs_01041.png,train
bs_01042.png,train
bs_01043.png,test
bs_01044.png,train
bs_01045.png,train
bs_01046.png,val
bs_01047.png,val
bs_01048.png,train
bs_01049.png,train
bs_01050.png,train
bs_01051.png,test
bs_01052.png,train
bs_01053.png,train
bs_01054.png,train
bs_01055.png,train
bs_01056.png,train
bs_01057.png,train
bs_01058.png,test
bs_01059.png,train
bs_01060.png,val
bs_01061.png,val
bs_01062.png,train
bs_01063.png,train
bs_01064.png,train
bs_01065.png,val
bs_01066.png,val
bs_01067.png,train
bs_01068.png,train
bs_01069.png,test
bs_01070.png,train
bs_01071.png,train
bs_01072.png,train
bs_01073.png,train
bs_01074.png,train
bs_01075.png,train
bs_01076.png,val
bs_01077.png,train
bs_01078.png,test
bs_01079.png,train
bs_01080.png,train
bs_01081.png,train
bs_01082.png,test
bs_01083.png,train
bs_01084.png,train
bs_01085.png,val
bs_01086.png,train
bs_01087.png,test
bs_01088.png,train
bs_01089.png,train
bs_01090.png,train
bs_01091.png,train
bs_01092.png,train
bs_01093.png,train
bs_01094.png,train
bs_01095.png,train
bs_01096.png,train
bs_01097.png,train
bs_01098.png,val
bs_01099.png,train
bs_01100.png,val
bs_01101.png,train
bs_01102.png,train
bs_01103.png,test
bs_01104.png,train
bs_01105.png,train
bs_01106.png,train
bs_01107.png,train
bs_01108.png,train
bs_01109.png,train
bs_01110.png,train
bs_01111.png,train
bs_01112.png,train
bs_01113.png,train
bs_01114.png,train
bs_01115.png,train
bs_01116.png,train
bs_01117.png,test
bs_01118.png,train
bs_01119.png,test
bs_01120.png,train
bs_01121.png,val
bs_01122.png,test
bs_01123.png,train
bs_01124.png,train
bs_01125.png,train
bs_01126.png,train
bs_01127.png,train
bs_01128.png,train
bs_01129.png,train
bs_01130.png,train
bs_01131.png,train
bs_01132.png,val
bs_01133.png,train
bs_01134.png,train
bs_01135.png,train
bs_01136.png,test
bs_01137.png,train
bs_01138.png,train
bs_01139.png,train
bs_01140.png,val
bs_01141.png,train
bs_01142.png,val
bs_01143.png,train
bs_01144.png,train
bs_01145.png,train
bs_01146.png,val
bs_01147.png,train
bs_01148.png,train
bs_01149.png,train
bs_01150.png,val
bs_01151.png,train
bs_01152.png,train
bs_01153.png,train
bs_01154.png,train
bs_01155.png,train
bs_01156.png,train
bs_01157.png,train
bs_01158.png,train
bs_01159.png,test
bs_01160.png,train
bs_01161.png,train
bs_01162.png,train
bs_01163.png,train
bs_01164.png,test
bs_01165.png,train
bs_01166.png,train
bs_01167.png,train
bs_01168.png,val
bs_01169.png,train
bs_01170.png,train
bs_01171.png,train
bs_01172.png,train
bs_01173.png,train
bs_01174.png,train
bs_01175.png,val
bs_01176.png,train
bs_01177.png,train
bs_01178.png,train
bs_01179.png,train
bs_01180.png,train
bs_01181.png,train
bs_01182.png,train
bs_01183.png,train
bs_01184.png,train
bs_01185.png,test
bs_01186.png,train
bs_01187.png,train
bs_01188.png,train
bs_01189.png,train
bs_01190.png,train
bs_01191.png,train
bs_01192.png,train
bs_01193.png,test
bs_01194.png,train
bs_01195.png,train
bs_01196.png,train
bs_01197.png,train
bs_01198.png,val
bs_01199.png,val
bs_01200.png,train
bs_01201.png,train
bs_01202.png,train
bs_01203.png,train
bs_01204.png,test
bs_01205.png,train
bs_01206.png,train
bs_01207.png,train
bs_01208.png,train
bs_01209.png,train
bs_01210.png,train
bs_01211.png,train
bs_01212.png,train
bs_01213.png,train
bs_01214.png,train
bs_01215.png,train
bs_01216.png,train
bs_01217.png,train
bs_01218.png,val
bs_01219.png,train
bs_01220.png,train
bs_01221.png,train
bs_01222.png,train
bs_01223.png,train
bs_01224.png,train
bs_01225.png,train
bs_01226.png,train
bs_01227.png,train
bs_01228.png,test
bs_01229.png,train
bs_01230.png,train
bs_01231.png,train
bs_01232.png,train
bs_01233.png,train
bs_01234.png,test
bs_01235.png,train
bs_01236.png,train
bs_01237.png,train
bs_01238.png,train
bs_01239.png,test
bs_01240.png,val
bs_01241.png,val
bs_01242.png,train
bs_01243.png,test
bs_01244.png,train
bs_01245.png,train
bs_01246.png,train
bs_01247.png,train
bs_01248.png,test
bs_01249.png,test
bs_01250.png,train
bs_01251.png,train
bs_01252.png,train
bs_01253.png,test
bs_01254.png,train
bs_01255.png,train
bs_01256.png,train
bs_01257.png,train
bs_01258.png,train
bs_01259.png,train
bs_01260.png,train
bs_01261.png,val
bs_01262.png,test
bs_01263.png,train
bs_01264.png,train
bs_01265.png,train
bs_01266.png,val
bs_01267.png,train
bs_01268.png,train
bs_01269.png,test
bs_01270.png,train
bs_01271.png,train
bs_01272.png,train
bs_01273.png,test
bs_01274.png,train
bs_01275.png,train
bs_01276.png,train
bs_01277.png,train
bs_01278.png,test
bs_01279.png,test
bs_01280.png,val
bs_01281.png,train
bs_01282.png,train
bs_01283.png,train
bs_01284.png,val
bs_01285.png,train
bs_01286.png,train
bs_01287.png,train
bs_01288.png,test
bs_01289.png,train
bs_01290.png,test
bs_01291.png,train
bs_01292.png,train
bs_01293.png,test
bs_01294.png,train
bs_01295.png,train
bs_01296.png,train
bs_01297.png,train
bs_01298.png,train
bs_01299.png,train
bs_01300.png,val
bs_01301.png,train
bs_01302.png,train
bs_01303.png,train
bs_01304.png,train
bs_01305.png,train
bs_01306.png,train
bs_01307.png,train
bs_01308.png,train
bs_01309.png,train
bs_01310.png,train
bs_01311.png,val
bs_01312.png,test
bs_01313.png,train
bs_01314.png,train
bs_01315.png,train
bs_01316.png,train
bs_01317.png,train
bs_01318.png,val
bs_01319.png,test
bs_01320.png,train
bs_01321.png,train
bs_01322.png,train
bs_01323.png,train
bs_01324.png,train
bs_01325.png,train
bs_01326.png,train
bs_01327.png,train
bs_01328.png,train
bs_01329.png,train
bs_01330.png,train
bs_01331.png,train
bs_01332.png,train
bs_01333.png,val
bs_01334.png,val
bs_01335.png,test
bs_01336.png,train
bs_01337.png,train
bs_01338.png,val
bs_01339.png,train
bs_01340.png,train
bs_01341.png,train
bs_01342.png,train
bs_01343.png,train
bs_01344.png,train
bs_01345.png,train
bs_01346.png,train
bs_01347.png,val
bs_01348.png,train
bs_01349.png,train
bs_01350.png,train
bs_01351.png,val
bs_01352.png,test
bs_01353.png,train
bs_01354.png,train
bs_01355.png,train
bs_01356.png,train
bs_01357.png,train
bs_01358.png,val
bs_01359.png,train
bs_01360.png,train
bs_01361.png,train
bs_01362.png,train
bs_01363.png,test
bs_01364.png,val
bs_01365.png,train
bs_01366.png,train
bs_01367.png,test
bs_01368.png,test
bs_01369.png,train
bs_01370.png,train
bs_01371.png,train
bs_01372.png,train
bs_01373.png,train
bs_01374.png,val
bs_01375.png,train
bs_01376.png,train
bs_01377.png,train
bs_01378.png,train
bs_01379.png,train
bs_01380.png,train
bs_01381.png,test
bs_01382.png,train
bs_01383.png,train
bs_01384.png,train
bs_01385.png,train
bs_01386.png,train
bs_01387.png,train
bs_01388.png,train
bs_01389.png,train
bs_01390.png,train
bs_01391.png,val
bs_01392.png,train
bs_01393.png,train
bs_01394.png,train
bs_01395.png,train
bs_01396.png,train
bs_01397.png,test
bs_01398.png,train
bs_01399.png,train
bs_01400.png,train
bs_01401.png,test
bs_01402.png,train
bs_01403.png,train
bs_01404.png,val
bs_01405.png,train
bs_01406.png,train
bs_01407.png,train
bs_01408.png,train
bs_01409.png,test
bs_01410.png,train
bs_01411.png,train
bs_01412.png,train
bs_01413.png,train
bs_01414.png,train
bs_01415.png,train
bs_01416.png,train
bs_01417.png,test
bs_01418.png,train
bs_01419.png,train
bs_01420.png,train
bs_01421.png,test
bs_01422.png,train
bs_01423.png,train
bs_01424.png,test
bs_01425.png,train
bs_01426.png,train
bs_01427.png,train
bs_01428.png,train
bs_01429.png,train
bs_01430.png,val
bs_01431.png,train
bs_01432.png,train
bs_01433.png,test
bs_01434.png,train
bs_01435.png,train
bs_01436.png,train
bs_01437.png,val
bs_01438.png,train
bs_01439.png,val
bs_01440.png,train
bs_01441.png,test
bs_01442.png,train
bs_01443.png,train
bs_01444.png,train
bs_01445.png,train
bs_01446.png,val
bs_01447.png,train
bs_01448.png,train
bs_01449.png,val
bs_01450.png,train
bs_01451.png,train
bs_01452.png,train
bs_01453.png,train
bs_01454.png,train
bs_01455.png,train
bs_01456.png,train
bs_01457.png,train
bs_01458.png,train
bs_01459.png,test
bs_01460.png,train
bs_01461.png,train
bs_01462.png,train
bs_01463.png,train
bs_01464.png,train
bs_01465.png,train
bs_01466.png,train
bs_01467.png,val
bs_01468.png,train
bs_01469.png,train
bs_01470.png,val
bs_01471.png,train
bs_01472.png,train
bs_01473.png,train
bs_01474.png,train
bs_01475.png,train
bs_01476.png,train
bs_01477.png,val
bs_01478.png,train
bs_01479.png,train
bs_01480.png,train
bs_01481.png,test
bs_01482.png,train
bs_01483.png,val
bs_01484.png,train
bs_01485.png,train
bs_01486.png,test
bs_01487.png,test
bs_01488.png,val
bs_01489.png,train
bs_01490.png,train
bs_01491.png,test
bs_01492.png,train
bs_01493.png,train
bs_01494.png,train
bs_01495.png,train
bs_01496.png,train
bs_01497.png,test
bs_01498.png,train
bs_01499.png,train
bs_01500.png,train
bs_01501.png,train
bs_01502.png,train
bs_01503.png,train
bs_01504.png,val
bs_01505.png,train
bs_01506.png,train
bs_01507.png,train
bs_01508.png,train
bs_01509.png,train
bs_01510.png,train
bs_01511.png,train
bs_01512.png,train
bs_01513.png,train
bs_01514.png,train
bs_01515.png,train
bs_01516.png,val
bs_01517.png,train
bs_01518.png,train
bs_01519.png,val
bs_01520.png,train
bs_01521.png,train
bs_01522.png,val
bs_01523.png,val
bs_01524.png,test
bs_01525.png,train
bs_01526.png,test
bs_01527.png,train
bs_01528.png,train
bs_01529.png,train
bs_01530.png,train
bs_01531.png,train
bs_01532.png,train
bs_01533.png,train
bs_01534.png,train
bs_01535.png,train
bs_01536.png,train
bs_01537.png,train
bs_01538.png,train
bs_01539.png,val
bs_01540.png,train
bs_01541.png,train
bs_01542.png,train
bs_01543.png,train
bs_01544.png,val
bs_01545.png,test
bs_01546.png,train
bs_01547.png,train
bs_01548.png,train
bs_01549.png,val
bs_01550.png,test
bs_01551.png,train
bs_01552.png,train
bs_01553.png,val
bs_01554.png,train
bs_01555.png,train
bs_01556.png,train
bs_01557.png,train
bs_01558.png,val
bs_01559.png,train
bs_01560.png,train
bs_01561.png,train
bs_01562.png,train
bs_01563.png,val
bs_01564.png,train
bs_01565.png,train
bs_01566.png,train
bs_01567.png,train
bs_01568.png,train
bs_01569.png,train
bs_01570.png,train
bs_01571.png,train
bs_01572.png,train
bs_01573.png,train
bs_01574.png,train
bs_01575.png,train
bs_01576.png,train
bs_01577.png,train
bs_01578.png,test
bs_01579.png,train
bs_01580.png,train
bs_01581.png,val
bs_01582.png,train
bs_01583.png,train
bs_01584.png,train
bs_01585.png,train
bs_01586.png,train
bs_01587.png,train
bs_01588.png,train
bs_01589.png,train
bs_01590.png,train
bs_01591.png,test
bs_01592.png,train
bs_01593.png,train
bs_01594.png,train
bs_01595.png,train
bs_01596.png,train
bs_01597.png,train
bs_01598.png,train
bs_01599.png,train
bs_01600.png,train
bs_01601.png,train
bs_01602.png,train
bs_01603.png,train
bs_01604.png,train
bs_01605.png,val
bs_01606.png,train
bs_01607.png,train
bs_01608.png,train
bs_01609.png,train
bs_01610.png,train
bs_01611.png,train
bs_01612.png,train
bs_01613.png,train
bs_01614.png,train
bs_01615.png,train
bs_01616.png,train
bs_01617.png,train
bs_01618.png,test
bs_01619.png,train
bs_01620.png,train
bs_01621.png,train
bs_01622.png,train
bs_01623.png,train
bs_01624.png,test
bs_01625.png,train
bs_01626.png,train
bs_01627.png,val
bs_01628.png,train
bs_01629.png,train
bs_01630.png,train
bs_01631.png,train
bs_01632.png,train
bs_01633.png,train
bs_01634.png,train
bs_01635.png,train
bs_01636.png,train
bs_01637.png,train
bs_01638.png,train
bs_01639.png,train
bs_01640.png,train
bs_01641.png,test
bs_01642.png,val
bs_01643.png,train
bs_01644.png,train
bs_01645.png,train
bs_01646.png,train
bs_01647.png,train
bs_01648.png,train
bs_01649.png,val
bs_01650.png,train
bs_01651.png,val
bs_01652.png,train
bs_01653.png,train
bs_01654.png,train
bs_01655.png,train
bs_01656.png,train
bs_01657.png,train
bs_01658.png,train
bs_01659.png,train
bs_01660.png,train
bs_01661.png,train
bs_01662.png,train
bs_01663.png,test
bs_01664.png,train
bs_01665.png,test
bs_01666.png,train
bs_01667.png,train
bs_01668.png,train
bs_01669.png,train
bs_01670.png,train
bs_01671.png,train
bs_01672.png,train
bs_01673.png,train
bs_01674.png,train
bs_01675.png,train
bs_01676.png,train
bs_01677.png,train
bs_01678.png,train
bs_01679.png,train
bs_01680.png,train
bs_01681.png,train
bs_01682.png,test
bs_01683.png,train
bs_01684.png,train
bs_01685.png,train
bs_01686.png,test
bs_01687.png,train
bs_01688.png,train
bs_01689.png,val
bs_01690.png,train
bs_01691.png,val
bs_01692.png,train
bs_01693.png,train
bs_01694.png,val
bs_01695.png,train
bs_01696.png,train
bs_01697.png,train
bs_01698.png,test
bs_01699.png,train
bs_01700.png,train
bs_01701.png,train
bs_01702.png,val
bs_01703.png,train
bs_01704.png,train
bs_01705.png,train
bs_01706.png,train
bs_01707.png,train
bs_01708.png,train
bs_01709.png,train
bs_01710.png,train
bs_01711.png,train
bs_01712.png,train
bs_01713.png,train
bs_01714.png,test
bs_01715.png,train
bs_01716.png,train
bs_01717.png,train
bs_01718.png,train
bs_01719.png,train
bs_01720.png,train
bs_01721.png,train
bs_01722.png,test
bs_01723.png,train
bs_01724.png,train
bs_01725.png,train
bs_01726.png,train
bs_01727.png,test
bs_01728.png,val
bs_01729.png,train
bs_01730.png,train
bs_01731.png,train
bs_01732.png,test
bs_01733.png,train
bs_01734.png,train
bs_01735.png,train
bs_01736.png,val
bs_01737.png,train
bs_01738.png,train
bs_01739.png,train
bs_01740.png,train
bs_01741.png,train
bs_01742.png,train
bs_01743.png,train
bs_01744.png,train
bs_01745.png,train
bs_01746.png,test
bs_01747.png,train
bs_01748.png,train
bs_01749.png,val
bs_01750.png,train
bs_01751.png,train
bs_01752.png,train
bs_01753.png,train
bs_01754.png,train
bs_01755.png,train
bs_01756.png,train
bs_01757.png,val
bs_01758.png,train
bs_01759.png,train
bs_01760.png,test
bs_01761.png,train
bs_01762.png,test
bs_01763.png,train
bs_01764.png,train
bs_01765.png,train
bs_01766.png,test
bs_01767.png,test
bs_01768.png,val
bs_01769.png,train
bs_01770.png,train
bs_01771.png,val
bs_01772.png,train
bs_01773.png,train
bs_01774.png,train
bs_01775.png,train
bs_01776.png,train
bs_01777.png,test
bs_01778.png,train
bs_01779.png,train
bs_01780.png,val
bs_01781.png,train
bs_01782.png,train
bs_01783.png,train
bs_01784.png,train
bs_01785.png,train
bs_01786.png,test
bs_01787.png,train
bs_01788.png,val
bs_01789.png,train
bs_01790.png,train
bs_01791.png,train
bs_01792.png,train
bs_01793.png,train
bs_01794.png,train
bs_01795.png,train
bs_01796.png,train
bs_01797.png,train
bs_01798.png,train
bs_01799.png,val
bs_01800.png,train
bs_01801.png,train
bs_01802.png,test
bs_01803.png,val
bs_01804.png,train
bs_01805.png,train
bs_01806.png,train
bs_01807.png,train
bs_01808.png,train
bs_01809.png,train
bs_01810.png,train
bs_01811.png,train
bs_01812.png,test
bs_01813.png,train
bs_01814.png,train
bs_01815.png,train
bs_01816.png,train
bs_01817.png,train
bs_01818.png,val
bs_01819.png,train
bs_01820.png,train
bs_01821.png,test
bs_01822.png,test
bs_01823.png,test
bs_01824.png,train
bs_01825.png,train
bs_01826.png,train
bs_01827.png,train
bs_01828.png,train
bs_01829.png,train
bs_01830.png,train
bs_01831.png,train
bs_01832.png,train
bs_01833.png,train
bs_01834.png,train
bs_01835.png,train
bs_01836.png,train
bs_01837.png,test
bs_01838.png,train
bs_01839.png,train
bs_01840.png,train
bs_01841.png,test
bs_01842.png,train
bs_01843.png,train
bs_01844.png,train
bs_01845.png,train
bs_01846.png,test
bs_01847.png,train
bs_01848.png,train
bs_01849.png,train
bs_01850.png,train
bs_01851.png,train
bs_01852.png,test
bs_01853.png,train
bs_01854.png,val
bs_01855.png,train
bs_01856.png,train
bs_01857.png,train
bs_01858.png,train
bs_01859.png,train
bs_01860.png,train
bs_01861.png,train
bs_01862.png,test
bs_01863.png,train
bs_01864.png,train
bs_01865.png,train
bs_01866.png,train
bs_01867.png,train
bs_01868.png,train
bs_01869.png,test
bs_01870.png,train
bs_01871.png,train
bs_01872.png,train
bs_01873.png,train
bs_01874.png,train
bs_01875.png,train
bs_01876.png,train
bs_01877.png,val
bs_01878.png,train
bs_01879.png,train
bs_01880.png,test
bs_01881.png,train
bs_01882.png,train
bs_01883.png,train
bs_01884.png,train
bs_01885.png,train
bs_01886.png,test
bs_01887.png,test
bs_01888.png,train
bs_01889.png,train
bs_01890.png,train
bs_01891.png,val
bs_01892.png,train
bs_01893.png,train
bs_01894.png,train
bs_01895.png,train
bs_01896.png,train
bs_01897.png,train
bs_01898.png,train
bs_01899.png,train
bs_01900.png,train
bs_01901.png,train
bs_01902.png,test
bs_01903.png,train
bs_01904.png,val
bs_01905.png,val
bs_01906.png,train
bs_01907.png,test
bs_01908.png,train
bs_01909.png,train
bs_01910.png,train
bs_01911.png,test
bs_01912.png,train
bs_01913.png,val
bs_01914.png,train
bs_01915.png,train
bs_01916.png,val
bs_01917.png,val
bs_01918.png,train
bs_01919.png,train
bs_01920.png,train
bs_01921.png,train
bs_01922.png,train
bs_01923.png,test
bs_01924.png,train
bs_01925.png,train
bs_01926.png,train
bs_01927.png,train
bs_01928.png,test
bs_01929.png,train
bs_01930.png,test
bs_01931.png,train
bs_01932.png,train
bs_01933.png,train
bs_01934.png,train
bs_01935.png,train
bs_01936.png,train
bs_01937.png,train
bs_01938.png,train
bs_01939.png,train
bs_01940.png,test
bs_01941.png,train
bs_01942.png,train
bs_01943.png,train
bs_01944.png,train
bs_01945.png,val
bs_01946.png,test
bs_01947.png,train
bs_01948.png,train
bs_01949.png,train
bs_01950.png,train
bs_01951.png,train
bs_01952.png,train
bs_01953.png,train
bs_01954.png,train
bs_01955.png,test
bs_01956.png,train
bs_01957.png,test
bs_01958.png,train
bs_01959.png,val
bs_01960.png,train
bs_01961.png,train
bs_01962.png,train
bs_01963.png,train
bs_01964.png,train
bs_01965.png,train
bs_01966.png,train
bs_01967.png,train
bs_01968.png,train
bs_01969.png,val
bs_01970.png,train
bs_01971.png,train
bs_01972.png,train
bs_01973.png,train
bs_01974.png,train
bs_01975.png,train
bs_01976.png,val
bs_01977.png,train
bs_01978.png,train
bs_01979.png,train
bs_01980.png,train
bs_01981.png,train
bs_01982.png,train
bs_01983.png,train
bs_01984.png,test
bs_01985.png,val
bs_01986.png,train
bs_01987.png,train
bs_01988.png,train
bs_01989.png,test
bs_01990.png,train
bs_01991.png,train
bs_01992.png,train
bs_01993.png,train
bs_01994.png,val
bs_01995.png,train
bs_01996.png,train
bs_01997.png,train
bs_01998.png,train
bs_01999.png,train
bs_02000.png,train
bs_02001.png,train
bs_02002.png,train
bs_02003.png,train
bs_02004.png,train
bs_02005.png,train
bs_02006.png,train
bs_02007.png,train
bs_02008.png,train
bs_02009.png,train
bs_02010.png,train
bs_02011.png,test
bs_02012.png,train
bs_02013.png,train
bs_02014.png,train
bs_02015.png,train
bs_02016.png,train
bs_02017.png,train
bs_02018.png,train
bs_02019.png,train
bs_02020.png,test
bs_02021.png,train
bs_02022.png,train
bs_02023.png,train
bs_02024.png,train
bs_02025.png,train
bs_02026.png,test
bs_02027.png,train
bs_02028.png,train
bs_02029.png,train
bs_02030.png,train
bs_02031.png,train
bs_02032.png,train
bs_02033.png,train
bs_02034.png,train
bs_02035.png,train
bs_02036.png,train
bs_02037.png,train
bs_02038.png,train
bs_02039.png,test
bs_02040.png,val
bs_02041.png,train
bs_02042.png,train
bs_02043.png,val
bs_02044.png,train
bs_02045.png,train
bs_02046.png,train
bs_02047.png,train
bs_02048.png,train
bs_02049.png,train
bs_02050.png,val
bs_02051.png,train
bs_02052.png,train
bs_02053.png,train
bs_02054.png,train
bs_02055.png,train
bs_02056.png,val
bs_02057.png,train
bs_02058.png,train
bs_02059.png,train
bs_02060.png,test
bs_02061.png,train
bs_02062.png,train
bs_02063.png,train
bs_02064.png,train
bs_02065.png,train
bs_02066.png,train
bs_02067.png,train
bs_02068.png,val
bs_02069.png,train
bs_02070.png,train
bs_02071.png,train
bs_02072.png,val
bs_02073.png,train
bs_02074.png,train
bs_02075.png,train
bs_02076.png,train
bs_02077.png,val
bs_02078.png,train
bs_02079.png,train
bs_02080.png,test
bs_02081.png,train
bs_02082.png,train
bs_02083.png,val
bs_02084.png,val
bs_02085.png,train
bs_02086.png,val
bs_02087.png,train
bs_02088.png,train
bs_02089.png,train
bs_02090.png,train
bs_02091.png,train
bs_02092.png,train
bs_02093.png,train
bs_02094.png,train
bs_02095.png,train
bs_02096.png,train
bs_02097.png,val
bs_02098.png,train
bs_02099.png,train
bs_02100.png,train
bs_02101.png,train
bs_02102.png,train
bs_02103.png,train
bs_02104.png,train
bs_02105.png,train
bs_02106.png,train
bs_02107.png,train
bs_02108.png,train
bs_02109.png,train
bs_02110.png,train
bs_02111.png,train
bs_02112.png,train
bs_02113.png,train
bs_02114.png,train
bs_02115.png,train
bs_02116.png,test
bs_02117.png,train
bs_02118.png,train
bs_02119.png,train
bs_02120.png,train
bs_02121.png,train
bs_02122.png,train
bs_02123.png,train
bs_02124.png,val
bs_02125.png,test
bs_02126.png,train
bs_02127.png,train
bs_02128.png,train
bs_02129.png,train
bs_02130.png,train
bs_02131.png,train
bs_02132.png,train
bs_02133.png,train
bs_02134.png,train
bs_02135.png,train
bs_02136.png,train
bs_02137.png,test
bs_02138.png,train
bs_02139.png,train
bs_02140.png,train
bs_02141.png,train
bs_02142.png,train
bs_02143.png,train
bs_02144.png,train
bs_02145.png,train
bs_02146.png,train
bs_02147.png,train
bs_02148.png,train
bs_02149.png,train
bs_02150.png,train
bs_02151.png,train
bs_02152.png,train
bs_02153.png,train
bs_02154.png,train
bs_02155.png,train
bs_02156.png,train
bs_02157.png,train
bs_02158.png,val
bs_02159.png,train
bs_02160.png,train
bs_02161.png,train
bs_02162.png,train
bs_02163.png,train
bs_02164.png,val
bs_02165.png,train
bs_02166.png,train
bs_02167.png,train
bs_02168.png,val
bs_02169.png,train
bs_02170.png,train
bs_02171.png,train
bs_02172.png,train
bs_02173.png,train
bs_02174.png,train
bs_02175.png,train
bs_02176.png,train
bs_02177.png,val
bs_02178.png,train
bs_02179.png,train
bs_02180.png,train
bs_02181.png,train
bs_02182.png,train
bs_02183.png,train
bs_02184.png,train
bs_02185.png,train
bs_02186.png,val
bs_02187.png,train
bs_02188.png,test
bs_02189.png,train
bs_02190.png,test
bs_02191.png,train
bs_02192.png,train
bs_02193.png,train
bs_02194.png,train
bs_02195.png,train
bs_02196.png,train
bs_02197.png,train
bs_02198.png,train
bs_02199.png,train
bs_02200.png,train
bs_02201.png,val
bs_02202.png,train
bs_02203.png,test
bs_02204.png,train
bs_02205.png,train
bs_02206.png,train
bs_02207.png,train
bs_02208.png,train
bs_02209.png,train
bs_02210.png,train
bs_02211.png,train
bs_02212.png,val
bs_02213.png,train
bs_02214.png,test
bs_02215.png,train
bs_02216.png,val
bs_02217.png,train
bs_02218.png,train
bs_02219.png,train
bs_02220.png,train
bs_02221.png,val
bs_02222.png,train
bs_02223.png,train
bs_02224.png,train
bs_02225.png,train
bs_02226.png,val
bs_02227.png,train
bs_02228.png,val
bs_02229.png,val
bs_02230.png,train
bs_02231.png,train
bs_02232.png,train
bs_02233.png,train
bs_02234.png,train
bs_02235.png,val
bs_02236.png,train
bs_02237.png,test
bs_02238.png,val
bs_02239.png,train
bs_02240.png,train
bs_02241.png,train
bs_02242.png,val
bs_02243.png,train
bs_02244.png,test
bs_02245.png,train
bs_02246.png,train
bs_02247.png,train
bs_02248.png,train
bs_02249.png,train
bs_02250.png,train
bs_02251.png,train
bs_02252.png,train
bs_02253.png,val
bs_02254.png,train
bs_02255.png,train
bs_02256.png,train
bs_02257.png,train
bs_02258.png,train
bs_02259.png,train
bs_02260.png,train
bs_02261.png,train
bs_02262.png,val
bs_02263.png,train
bs_02264.png,train
bs_02265.png,train
bs_02266.png,val
bs_02267.png,val
bs_02268.png,val
bs_02269.png,train
bs_02270.png,train
bs_02271.png,test
bs_02272.png,train
bs_02273.png,train
bs_02274.png,test
bs_02275.png,train
bs_02276.png,train
bs_02277.png,val
bs_02278.png,val
bs_02279.png,train
bs_02280.png,train
bs_02281.png,train
bs_02282.png,train
bs_02283.png,test
bs_02284.png,train
bs_02285.png,train
bs_02286.png,train
bs_02287.png,val
bs_02288.png,train
bs_02289.png,train
bs_02290.png,train
bs_02291.png,train
bs_02292.png,train
bs_02293.png,train
bs_02294.png,train
bs_02295.png,train
bs_02296.png,train
bs_02297.png,train
bs_02298.png,train
bs_02299.png,val
bs_02300.png,test
bs_02301.png,train
bs_02302.png,train
bs_02303.png,train
bs_02304.png,train
bs_02305.png,test
bs_02306.png,train
bs_02307.png,train
bs_02308.png,val
bs_02309.png,train
bs_02310.png,train
bs_02311.png,train
bs_02312.png,train
bs_02313.png,train
bs_02314.png,train
bs_02315.png,train
bs_02316.png,train
bs_02317.png,train
bs_02318.png,train
bs_02319.png,train
bs_02320.png,test
bs_02321.png,train
bs_02322.png,train
bs_02323.png,train
bs_02324.png,train
bs_02325.png,val
bs_02326.png,train
bs_02327.png,train
bs_02328.png,val
bs_02329.png,train
bs_02330.png,train
bs_02331.png,val
bs_02332.png,train
bs_02333.png,val
bs_02334.png,train
bs_02335.png,test
bs_02336.png,test
bs_02337.png,train
bs_02338.png,train
bs_02339.png,train
bs_02340.png,train
bs_02341.png,train
bs_02342.png,val
bs_02343.png,train
bs_02344.png,train
bs_02345.png,train
bs_02346.png,train
bs_02347.png,train
bs_02348.png,train
bs_02349.png,test
bs_02350.png,train
bs_02351.png,train
bs_02352.png,train
bs_02353.png,train
bs_02354.png,train
bs_02355.png,train
bs_02356.png,test
bs_02357.png,train
bs_02358.png,train
bs_02359.png,train
bs_02360.png,train
bs_02361.png,train
bs_02362.png,train
bs_02363.png,train
bs_02364.png,train
bs_02365.png,train
bs_02366.png,train
bs_02367.png,test
bs_02368.png,val
bs_02369.png,train
bs_02370.png,test
bs_02371.png,train
bs_02372.png,train
bs_02373.png,train
bs_02374.png,train
bs_02375.png,val
bs_02376.png,val
bs_02377.png,train
bs_02378.png,train
bs_02379.png,train
bs_02380.png,train
bs_02381.png,train
bs_02382.png,train
bs_02383.png,train
bs_02384.png,train
bs_02385.png,train
bs_02386.png,train
bs_02387.png,val
bs_02388.png,train
bs_02389.png,train
bs_02390.png,val
bs_02391.png,train
bs_02392.png,train
bs_02393.png,train
bs_02394.png,train
bs_02395.png,train
bs_02396.png,train
bs_02397.png,train
bs_02398.png,train
bs_02399.png,train
bs_02400.png,train
bs_02401.png,test
bs_02402.png,train
bs_02403.png,test
bs_02404.png,train
bs_02405.png,test
bs_02406.png,train
bs_02407.png,train
bs_02408.png,val
bs_02409.png,test
bs_02410.png,train
bs_02411.png,test
bs_02412.png,train
bs_02413.png,train
bs_02414.png,train
bs_02415.png,train
bs_02416.png,train
bs_02417.png,train
bs_02418.png,train
bs_02419.png,train
bs_02420.png,train
bs_02421.png,test
bs_02422.png,test
bs_02423.png,train
bs_02424.png,train
bs_02425.png,train
bs_02426.png,train
bs_02427.png,train
bs_02428.png,train
bs_02429.png,train
bs_02430.png,train
bs_02431.png,train
bs_02432.png,train
bs_02433.png,train
bs_02434.png,train
bs_02435.png,train
bs_02436.png,train
bs_02437.png,train
bs_02438.png,train
bs_02439.png,train
bs_02440.png,train
bs_02441.png,train
bs_02442.png,train
bs_02443.png,train
bs_02444.png,train
bs_02445.png,train
bs_02446.png,train
bs_02447.png,val
bs_02448.png,train
bs_02449.png,test
bs_02450.png,train
bs_02451.png,test
bs_02452.png,train
bs_02453.png,val
bs_02454.png,train
bs_02455.png,train
bs_02456.png,train
bs_02457.png,train
bs_02458.png,train
bs_02459.png,train
bs_02460.png,train
bs_02461.png,train
bs_02462.png,train
bs_02463.png,train
bs_02464.png,val
bs_02465.png,train
bs_02466.png,test
bs_02467.png,train
bs_02468.png,train
bs_02469.png,train
bs_02470.png,train
bs_02471.png,train
bs_02472.png,train
bs_02473.png,train
bs_02474.png,train
bs_02475.png,train
bs_02476.png,train
bs_02477.png,train
bs_02478.png,train
bs_02479.png,train
bs_02480.png,val
bs_02481.png,train
bs_02482.png,train
bs_02483.png,train
bs_02484.png,train
bs_02485.png,val
bs_02486.png,train
bs_02487.png,train
bs_02488.png,val
bs_02489.png,train
bs_02490.png,train
bs_02491.png,train
bs_02492.png,train
bs_02493.png,train
bs_02494.png,train
bs_02495.png,train
bs_02496.png,test
bs_02497.png,train
bs_02498.png,val
bs_02499.png,train
ft_00000.png,train
ft_00001.png,train
ft_00002.png,train
ft_00003.png,test
ft_00004.png,train
ft_00005.png,train
ft_00006.png,train
ft_00007.png,train
ft_00008.png,train
ft_00009.png,train
ft_00010.png,train
ft_00011.png,train
ft_00012.png,train
ft_00013.png,train
ft_00014.png,train
ft_00015.png,train
ft_00016.png,train
ft_00017.png,test
ft_00018.png,train
ft_00019.png,train
ft_00020.png,train
ft_00021.png,train
ft_00022.png,train
ft_00023.png,train
ft_00024.png,train
ft_00025.png,train
ft_00026.png,val
ft_00027.png,train
ft_00028.png,test
ft_00029.png,test
ft_00030.png,train
ft_00031.png,train
ft_00032.png,train
ft_00033.png,train
ft_00034.png,train
ft_00035.png,train
ft_00036.png,train
ft_00037.png,train
ft_00038.png,val
ft_00039.png,train
ft_00040.png,train
ft_00041.png,train
ft_00042.png,train
ft_00043.png,train
ft_00044.png,val
ft_00045.png,test
ft_00046.png,train
ft_00047.png,train
ft_00048.png,val
ft_00049.png,train
ft_00050.png,train
ft_00051.png,train
ft_00052.png,train
ft_00053.png,train
ft_00054.png,train
ft_00055.png,train
ft_00056.png,train
ft_00057.png,train
ft_00058.png,train
ft_00059.png,train
ft_00060.png,train
ft_00061.png,train
ft_00062.png,test
ft_00063.png,val
ft_00064.png,test
ft_00065.png,train
ft_00066.png,train
ft_00067.png,train
ft_00068.png,train
ft_00069.png,test
ft_00070.png,train
ft_00071.png,val
ft_00072.png,test
ft_00073.png,train
ft_00074.png,train
ft_00075.png,test
ft_00076.png,train
ft_00077.png,train
ft_00078.png,train
ft_00079.png,train
ft_00080.png,train
ft_00081.png,train
ft_00082.png,train
ft_00083.png,train
ft_00084.png,train
ft_00085.png,train
ft_00086.png,train
ft_00087.png,val
ft_00088.png,train
ft_00089.png,train
ft_00090.png,train
ft_00091.png,test
ft_00092.png,train
ft_00093.png,train
ft_00094.png,test
ft_00095.png,val
ft_00096.png,train
ft_00097.png,test
ft_00098.png,train
ft_00099.png,train
ft_00100.png,train
ft_00101.png,train
ft_00102.png,train
ft_00103.png,train
ft_00104.png,train
ft_00105.png,test
ft_00106.png,train
ft_00107.png,test
ft_00108.png,train
ft_00109.png,train
ft_00110.png,train
ft_00111.png,train
ft_00112.png,train
ft_00113.png,train
ft_00114.png,val
ft_00115.png,test
ft_00116.png,val
ft_00117.png,train
ft_00118.png,train
ft_00119.png,train
ft_00120.png,train
ft_00121.png,train
ft_00122.png,train
ft_00123.png,val
ft_00124.png,train
ft_00125.png,val
ft_00126.png,train
ft_00127.png,train
ft_00128.png,train
ft_00129.png,train
ft_00130.png,train
ft_00131.png,val
ft_00132.png,train
ft_00133.png,val
ft_00134.png,train
ft_00135.png,train
ft_00136.png,train
ft_00137.png,train
ft_00138.png,val
ft_00139.png,train
ft_00140.png,train
ft_00141.png,train
ft_00142.png,train
ft_00143.png,train
ft_00144.png,train
ft_00145.png,train
ft_00146.png,train
ft_00147.png,test
ft_00148.png,train
ft_00149.png,test
ft_00150.png,train
ft_00151.png,val
ft_00152.png,train
ft_00153.png,train
ft_00154.png,train
ft_00155.png,train
ft_00156.png,test
ft_00157.png,train
ft_00158.png,train
ft_00159.png,train
ft_00160.png,train
ft_00161.png,train
ft_00162.png,train
ft_00163.png,train
ft_00164.png,train
ft_00165.png,train
ft_00166.png,train
ft_00167.png,train
ft_00168.png,test
ft_00169.png,train
ft_00170.png,train
ft_00171.png,train
ft_00172.png,train
ft_00173.png,train
ft_00174.png,val
ft_00175.png,train
ft_00176.png,train
ft_00177.png,train
ft_00178.png,train
ft_00179.png,train
ft_00180.png,train
ft_00181.png,train
ft_00182.png,train
ft_00183.png,test
ft_00184.png,train
ft_00185.png,test
ft_00186.png,train
ft_00187.png,test
ft_00188.png,val
ft_00189.png,train
ft_00190.png,test
ft_00191.png,train
ft_00192.png,val
ft_00193.png,train
ft_00194.png,train
ft_00195.png,train
ft_00196.png,train
ft_00197.png,train
ft_00198.png,val
ft_00199.png,train
ft_00200.png,test
ft_00201.png,train
ft_00202.png,train
ft_00203.png,train
ft_00204.png,train
ft_00205.png,train
ft_00206.png,train
ft_00207.png,train
ft_00208.png,train
ft_00209.png,train
ft_00210.png,train
ft_00211.png,train
ft_00212.png,val
ft_00213.png,train
ft_00214.png,val
ft_00215.png,test
ft_00216.png,train
ft_00217.png,train
ft_00218.png,train
ft_00219.png,train
ft_00220.png,train
ft_00221.png,train
ft_00222.png,train
ft_00223.png,train
ft_00224.png,train
ft_00225.png,train
ft_00226.png,train
ft_00227.png,train
ft_00228.png,train
ft_00229.png,train
ft_00230.png,train
ft_00231.png,train
ft_00232.png,train
ft_00233.png,train
ft_00234.png,train
ft_00235.png,test
ft_00236.png,train
ft_00237.png,train
ft_00238.png,val
ft_00239.png,train
ft_00240.png,train
ft_00241.png,train
ft_00242.png,train
ft_00243.png,test
ft_00244.png,val
ft_00245.png,test
ft_00246.png,val
ft_00247.png,train
ft_00248.png,train
ft_00249.png,train
ft_00250.png,train
ft_00251.png,val
ft_00252.png,train
ft_00253.png,train
ft_00254.png,train
ft_00255.png,train
ft_00256.png,train
ft_00257.png,train
ft_00258.png,train
ft_00259.png,train
ft_00260.png,train
ft_00261.png,train
ft_00262.png,train
ft_00263.png,train
ft_00264.png,train
ft_00265.png,train
ft_00266.png,train
ft_00267.png,train
ft_00268.png,train
ft_00269.png,train
ft_00270.png,test
ft_00271.png,train
ft_00272.png,train
ft_00273.png,train
ft_00274.png,val
ft_00275.png,train
ft_00276.png,train
ft_00277.png,val
ft_00278.png,train
ft_00279.png,train
ft_00280.png,train
ft_00281.png,train
ft_00282.png,val
ft_00283.png,train
ft_00284.png,train
ft_00285.png,train
ft_00286.png,train
ft_00287.png,val
ft_00288.png,test
ft_00289.png,train
ft_00290.png,train
ft_00291.png,train
ft_00292.png,train
ft_00293.png,train
ft_00294.png,train
ft_00295.png,train
ft_00296.png,train
ft_00297.png,train
ft_00298.png,val
ft_00299.png,train
ft_00300.png,test
ft_00301.png,train
ft_00302.png,train
ft_00303.png,train
ft_00304.png,train
ft_00305.png,train
ft_00306.png,val
ft_00307.png,train
ft_00308.png,test
ft_00309.png,train
ft_00310.png,train
ft_00311.png,val
ft_00312.png,train
ft_00313.png,train
ft_00314.png,train
ft_00315.png,train
ft_00316.png,train
ft_00317.png,train
ft_00318.png,val
ft_00319.png,val
ft_00320.png,train
ft_00321.png,train
ft_00322.png,train
ft_00323.png,train
ft_00324.png,train
ft_00325.png,train
ft_00326.png,train
ft_00327.png,val
ft_00328.png,train
ft_00329.png,train
ft_00330.png,val
ft_00331.png,train
ft_00332.png,train
ft_00333.png,train
ft_00334.png,train
ft_00335.png,val
ft_00336.png,train
ft_00337.png,train
ft_00338.png,test
ft_00339.png,train
ft_00340.png,train
ft_00341.png,train
ft_00342.png,test
ft_00343.png,val
ft_00344.png,train
ft_00345.png,train
ft_00346.png,train
ft_00347.png,train
ft_00348.png,train
ft_00349.png,val
ft_00350.png,train
ft_00351.png,train
ft_00352.png,train
ft_00353.png,train
ft_00354.png,train
ft_00355.png,train
ft_00356.png,train
ft_00357.png,train
ft_00358.png,train
ft_00359.png,train
ft_00360.png,train
ft_00361.png,train
ft_00362.png,train
ft_00363.png,test
ft_00364.png,train
ft_00365.png,train
ft_00366.png,val
ft_00367.png,train
ft_00368.png,train
ft_00369.png,train
ft_00370.png,val
ft_00371.png,test
ft_00372.png,train
ft_00373.png,train
ft_00374.png,train
ft_00375.png,train
ft_00376.png,train
ft_00377.png,train
ft_00378.png,train
ft_00379.png,train
ft_00380.png,train
ft_00381.png,train
ft_00382.png,train
ft_00383.png,train
ft_00384.png,train
ft_00385.png,train
ft_00386.png,train
ft_00387.png,train
ft_00388.png,train
ft_00389.png,train
ft_00390.png,val
ft_00391.png,train
ft_00392.png,train
ft_00393.png,test
ft_00394.png,train
ft_00395.png,train
ft_00396.png,train
ft_00397.png,train
ft_00398.png,train
ft_00399.png,train
ft_00400.png,train
ft_00401.png,train
ft_00402.png,train
ft_00403.png,val
ft_00404.png,train
ft_00405.png,train
ft_00406.png,train
ft_00407.png,train
ft_00408.png,val
ft_00409.png,train
ft_00410.png,train
ft_00411.png,train
ft_00412.png,val
ft_00413.png,train
ft_00414.png,train
ft_00415.png,train
ft_00416.png,test
ft_00417.png,train
ft_00418.png,train
ft_00419.png,train
ft_00420.png,train
ft_00421.png,train
ft_00422.png,train
ft_00423.png,test
ft_00424.png,train
ft_00425.png,train
ft_00426.png,train
ft_00427.png,train
ft_00428.png,train
ft_00429.png,train
ft_00430.png,train
ft_00431.png,train
ft_00432.png,train
ft_00433.png,train
ft_00434.png,train
ft_00435.png,test
ft_00436.png,train
ft_00437.png,train
ft_00438.png,val
ft_00439.png,val
ft_00440.png,train
ft_00441.png,test
ft_00442.png,train
ft_00443.png,train
ft_00444.png,train
ft_00445.png,train
ft_00446.png,train
ft_00447.png,train
ft_00448.png,val
ft_00449.png,train
ft_00450.png,train
ft_00451.png,train
ft_00452.png,train
ft_00453.png,train
ft_00454.png,test
ft_00455.png,train
ft_00456.png,val
ft_00457.png,train
ft_00458.png,val
ft_00459.png,train
ft_00460.png,train
ft_00461.png,train
ft_00462.png,train
ft_00463.png,test
ft_00464.png,train
ft_00465.png,train
ft_00466.png,train
ft_00467.png,train
ft_00468.png,train
ft_00469.png,train
ft_00470.png,train
ft_00471.png,test
ft_00472.png,val
ft_00473.png,train
ft_00474.png,train
ft_00475.png,train
ft_00476.png,train
ft_00477.png,train
ft_00478.png,train
ft_00479.png,train
ft_00480.png,val
ft_00481.png,test
ft_00482.png,train
ft_00483.png,train
ft_00484.png,train
ft_00485.png,val
ft_00486.png,test
ft_00487.png,train
ft_00488.png,train
ft_00489.png,train
ft_00490.png,train
ft_00491.png,train
ft_00492.png,train
ft_00493.png,train
ft_00494.png,val
ft_00495.png,train
ft_00496.png,train
ft_00497.png,train
ft_00498.png,train
ft_00499.png,train
ft_00500.png,train
ft_00501.png,train
ft_00502.png,val
ft_00503.png,train
ft_00504.png,train
ft_00505.png,train
ft_00506.png,train
ft_00507.png,train
ft_00508.png,train
ft_00509.png,test
ft_00510.png,train
ft_00511.png,train
ft_00512.png,train
ft_00513.png,train
ft_00514.png,train
ft_00515.png,train
ft_00516.png,train
ft_00517.png,train
ft_00518.png,train
ft_00519.png,train
ft_00520.png,test
ft_00521.png,train
ft_00522.png,train
ft_00523.png,train
ft_00524.png,train
ft_00525.png,train
ft_00526.png,train
ft_00527.png,train
ft_00528.png,val
ft_00529.png,train
ft_00530.png,train
ft_00531.png,train
ft_00532.png,train
ft_00533.png,train
ft_00534.png,train
ft_00535.png,train
ft_00536.png,train
ft_00537.png,train
ft_00538.png,train
ft_00539.png,train
ft_00540.png,train
ft_00541.png,train
ft_00542.png,train
ft_00543.png,train
ft_00544.png,train
ft_00545.png,train
ft_00546.png,val
ft_00547.png,train
ft_00548.png,train
ft_00549.png,train
ft_00550.png,train
ft_00551.png,train
ft_00552.png,train
ft_00553.png,train
ft_00554.png,train
ft_00555.png,test
ft_00556.png,train
ft_00557.png,train
ft_00558.png,train
ft_00559.png,train
ft_00560.png,train
ft_00561.png,train
ft_00562.png,train
ft_00563.png,train
ft_00564.png,val
ft_00565.png,train
ft_00566.png,train
ft_00567.png,test
ft_00568.png,train
ft_00569.png,train
ft_00570.png,train
ft_00571.png,train
ft_00572.png,train
ft_00573.png,train
ft_00574.png,train
ft_00575.png,train
ft_00576.png,train
ft_00577.png,train
ft_00578.png,train
ft_00579.png,train
ft_00580.png,train
ft_00581.png,test
ft_00582.png,test
ft_00583.png,val
ft_00584.png,train
ft_00585.png,train
ft_00586.png,train
ft_00587.png,train
ft_00588.png,train
ft_00589.png,train
ft_00590.png,train
ft_00591.png,train
ft_00592.png,train
ft_00593.png,train
ft_00594.png,train
ft_00595.png,train
ft_00596.png,train
ft_00597.png,test
ft_00598.png,train
ft_00599.png,train
ft_00600.png,train
ft_00601.png,train
ft_00602.png,val
ft_00603.png,train
ft_00604.png,train
ft_00605.png,train
ft_00606.png,train
ft_00607.png,train
ft_00608.png,train
ft_00609.png,train
ft_00610.png,train
ft_00611.png,train
ft_00612.png,train
ft_00613.png,test
ft_00614.png,train
ft_00615.png,test
ft_00616.png,train
ft_00617.png,val
ft_00618.png,test
ft_00619.png,test
ft_00620.png,test
ft_00621.png,train
ft_00622.png,train
ft_00623.png,train
ft_00624.png,train
ft_00625.png,test
ft_00626.png,train
ft_00627.png,train
ft_00628.png,train
ft_00629.png,train
ft_00630.png,train
ft_00631.png,train
ft_00632.png,train
ft_00633.png,train
ft_00634.png,train
ft_00635.png,train
ft_00636.png,train
ft_00637.png,train
ft_00638.png,val
ft_00639.png,val
ft_00640.png,train
ft_00641.png,test
ft_00642.png,train
ft_00643.png,train
ft_00644.png,train
ft_00645.png,train
ft_00646.png,train
ft_00647.png,test
ft_00648.png,train
ft_00649.png,train
ft_00650.png,train
ft_00651.png,train
ft_00652.png,train
ft_00653.png,train
ft_00654.png,train
ft_00655.png,val
ft_00656.png,train
ft_00657.png,train
ft_00658.png,train
ft_00659.png,train
ft_00660.png,train
ft_00661.png,train
ft_00662.png,train
ft_00663.png,val
ft_00664.png,train
ft_00665.png,train
ft_00666.png,test
ft_00667.png,train
ft_00668.png,train
ft_00669.png,train
ft_00670.png,test
ft_00671.png,train
ft_00672.png,train
ft_00673.png,train
ft_00674.png,train
ft_00675.png,train
ft_00676.png,test
ft_00677.png,train
ft_00678.png,train
ft_00679.png,val
ft_00680.png,train
ft_00681.png,test
ft_00682.png,train
ft_00683.png,train
ft_00684.png,train
ft_00685.png,train
ft_00686.png,val
ft_00687.png,train
ft_00688.png,test
ft_00689.png,train
ft_00690.png,train
ft_00691.png,train
ft_00692.png,test
ft_00693.png,train
ft_00694.png,train
ft_00695.png,train
ft_00696.png,train
ft_00697.png,train
ft_00698.png,train
ft_00699.png,train
ft_00700.png,train
ft_00701.png,train
ft_00702.png,test
ft_00703.png,test
ft_00704.png,train
ft_00705.png,train
ft_00706.png,train
ft_00707.png,train
ft_00708.png,train
ft_00709.png,train
ft_00710.png,train
ft_00711.png,train
ft_00712.png,train
ft_00713.png,train
ft_00714.png,train
ft_00715.png,train
ft_00716.png,train
ft_00717.png,train
ft_00718.png,train
ft_00719.png,train
ft_00720.png,train
ft_00721.png,train
ft_00722.png,train
ft_00723.png,train
ft_00724.png,train
ft_00725.png,train
ft_00726.png,train
ft_00727.png,train
ft_00728.png,val
ft_00729.png,train
ft_00730.png,train
ft_00731.png,train
ft_00732.png,train
ft_00733.png,train
ft_00734.png,val
ft_00735.png,train
ft_00736.png,train
ft_00737.png,train
ft_00738.png,train
ft_00739.png,train
ft_00740.png,train
ft_00741.png,train
ft_00742.png,train
ft_00743.png,train
ft_00744.png,val
ft_00745.png,val
ft_00746.png,val
ft_00747.png,train
ft_00748.png,test
ft_00749.png,train
ft_00750.png,test
ft_00751.png,train
ft_00752.png,train
ft_00753.png,train
ft_00754.png,test
ft_00755.png,train
ft_00756.png,train
ft_00757.png,test
ft_00758.png,train
ft_00759.png,train
ft_00760.png,train
ft_00761.png,train
ft_00762.png,train
ft_00763.png,train
ft_00764.png,train
ft_00765.png,train
ft_00766.png,train
ft_00767.png,train
ft_00768.png,train
ft_00769.png,train
ft_00770.png,train
ft_00771.png,train
ft_00772.png,train
ft_00773.png,train
ft_00774.png,train
ft_00775.png,train
ft_00776.png,train
ft_00777.png,test
ft_00778.png,train
ft_00779.png,val
ft_00780.png,train
ft_00781.png,test
ft_00782.png,train
ft_00783.png,train
ft_00784.png,train
ft_00785.png,train
ft_00786.png,val
ft_00787.png,train
ft_00788.png,test
ft_00789.png,test
ft_00790.png,train
ft_00791.png,train
ft_00792.png,val
ft_00793.png,train
ft_00794.png,train
ft_00795.png,train
ft_00796.png,train
ft_00797.png,train
ft_00798.png,train
ft_00799.png,train
ft_00800.png,train
ft_00801.png,test
ft_00802.png,train
ft_00803.png,val
ft_00804.png,train
ft_00805.png,train
ft_00806.png,train
ft_00807.png,train
ft_00808.png,train
ft_00809.png,train
ft_00810.png,train
ft_00811.png,train
ft_00812.png,test
ft_00813.png,test
ft_00814.png,train
ft_00815.png,train
ft_00816.png,test
ft_00817.png,val
ft_00818.png,train
ft_00819.png,train
ft_00820.png,test
ft_00821.png,train
ft_00822.png,train
ft_00823.png,train
ft_00824.png,train
ft_00825.png,train
ft_00826.png,train
ft_00827.png,train
ft_00828.png,train
ft_00829.png,train
ft_00830.png,train
ft_00831.png,train
ft_00832.png,train
ft_00833.png,train
ft_00834.png,train
ft_00835.png,train
ft_00836.png,train
ft_00837.png,train
ft_00838.png,test
ft_00839.png,val
ft_00840.png,train
ft_00841.png,train
ft_00842.png,train
ft_00843.png,train
ft_00844.png,train
ft_00845.png,train
ft_00846.png,train
ft_00847.png,train
ft_00848.png,train
ft_00849.png,train
ft_00850.png,train
ft_00851.png,train
ft_00852.png,train
ft_00853.png,train
ft_00854.png,train
ft_00855.png,train
ft_00856.png,train
ft_00857.png,train
ft_00858.png,test
ft_00859.png,train
ft_00860.png,train
ft_00861.png,train
ft_00862.png,train
ft_00863.png,train
ft_00864.png,train
ft_00865.png,train
ft_00866.png,test
ft_00867.png,train
ft_00868.png,train
ft_00869.png,train
ft_00870.png,val
ft_00871.png,train
ft_00872.png,train
ft_00873.png,test
ft_00874.png,test
ft_00875.png,train
ft_00876.png,train
ft_00877.png,train
ft_00878.png,train
ft_00879.png,test
ft_00880.png,val
ft_00881.png,train
ft_00882.png,train
ft_00883.png,train
ft_00884.png,train
ft_00885.png,train
ft_00886.png,test
ft_00887.png,train
ft_00888.png,train
ft_00889.png,train
ft_00890.png,val
ft_00891.png,train
ft_00892.png,train
ft_00893.png,val
ft_00894.png,train
ft_00895.png,val
ft_00896.png,test
ft_00897.png,train
ft_00898.png,train
ft_00899.png,train
ft_00900.png,train
ft_00901.png,train
ft_00902.png,train
ft_00903.png,train
ft_00904.png,val
ft_00905.png,val
ft_00906.png,train
ft_00907.png,test
ft_00908.png,train
ft_00909.png,val
ft_00910.png,train
ft_00911.png,train
ft_00912.png,test
ft_00913.png,train
ft_00914.png,test
ft_00915.png,val
ft_00916.png,train
ft_00917.png,val
ft_00918.png,train
ft_00919.png,test
ft_00920.png,train
ft_00921.png,train
ft_00922.png,test
ft_00923.png,test
ft_00924.png,train
ft_00925.png,val
ft_00926.png,train
ft_00927.png,train
ft_00928.png,val
ft_00929.png,train
ft_00930.png,train
ft_00931.png,train
ft_00932.png,train
ft_00933.png,train
ft_00934.png,train
ft_00935.png,train
ft_00936.png,train
ft_00937.png,train
ft_00938.png,train
ft_00939.png,val
ft_00940.png,train
ft_00941.png,train
ft_00942.png,train
ft_00943.png,train
ft_00944.png,train
ft_00945.png,train
ft_00946.png,val
ft_00947.png,train
ft_00948.png,train
ft_00949.png,train
ft_00950.png,test
ft_00951.png,train
ft_00952.png,train
ft_00953.png,train
ft_00954.png,train
ft_00955.png,train
ft_00956.png,train
ft_00957.png,train
ft_00958.png,train
ft_00959.png,train
ft_00960.png,train
ft_00961.png,train
ft_00962.png,train
ft_00963.png,test
ft_00964.png,train
ft_00965.png,test
ft_00966.png,train
ft_00967.png,train
ft_00968.png,train
ft_00969.png,train
ft_00970.png,train
ft_00971.png,train
ft_00972.png,train
ft_00973.png,val
ft_00974.png,train
ft_00975.png,train
ft_00976.png,train
ft_00977.png,train
ft_00978.png,train
ft_00979.png,train
ft_00980.png,train
ft_00981.png,train
ft_00982.png,train
ft_00983.png,val
ft_00984.png,train
ft_00985.png,train
ft_00986.png,train
ft_00987.png,train
ft_00988.png,train
ft_00989.png,test
ft_00990.png,train
ft_00991.png,train
ft_00992.png,train
ft_00993.png,train
ft_00994.png,train
ft_00995.png,train
ft_00996.png,train
ft_00997.png,train
ft_00998.png,train
ft_00999.png,train
ft_01000.png,val
ft_01001.png,train
ft_01002.png,train
ft_01003.png,train
ft_01004.png,train
ft_01005.png,train
ft_01006.png,val
ft_01007.png,val
ft_01008.png,train
ft_01009.png,train
ft_01010.png,train
ft_01011.png,train
ft_01012.png,train
ft_01013.png,train
ft_01014.png,train
ft_01015.png,train
ft_01016.png,train
ft_01017.png,train
ft_01018.png,test
ft_01019.png,train
ft_01020.png,train
ft_01021.png,train
ft_01022.png,train
ft_01023.png,train
ft_01024.png,train
ft_01025.png,train
ft_01026.png,train
ft_01027.png,train
ft_01028.png,train
ft_01029.png,val
ft_01030.png,val
ft_01031.png,train
ft_01032.png,train
ft_01033.png,train
ft_01034.png,test
ft_01035.png,train
ft_01036.png,test
ft_01037.png,train
ft_01038.png,train
ft_01039.png,train
ft_01040.png,train
ft_01041.png,train
ft_01042.png,test
ft_01043.png,train
ft_01044.png,train
ft_01045.png,train
ft_01046.png,train
ft_01047.png,train
ft_01048.png,test
ft_01049.png,train
ft_01050.png,train
ft_01051.png,train
ft_01052.png,train
ft_01053.png,train
ft_01054.png,train
ft_01055.png,train
ft_01056.png,train
ft_01057.png,train
ft_01058.png,test
ft_01059.png,val
ft_01060.png,train
ft_01061.png,train
ft_01062.png,train
ft_01063.png,train
ft_01064.png,test
ft_01065.png,val
ft_01066.png,train
ft_01067.png,train
ft_01068.png,train
ft_01069.png,train
ft_01070.png,train
ft_01071.png,train
ft_01072.png,train
ft_01073.png,train
ft_01074.png,train
ft_01075.png,train
ft_01076.png,train
ft_01077.png,val
ft_01078.png,train
ft_01079.png,train
ft_01080.png,train
ft_01081.png,train
ft_01082.png,train
ft_01083.png,test
ft_01084.png,train
ft_01085.png,train
ft_01086.png,val
ft_01087.png,val
ft_01088.png,train
ft_01089.png,train
ft_01090.png,train
ft_01091.png,train
ft_01092.png,train
ft_01093.png,train
ft_01094.png,train
ft_01095.png,train
ft_01096.png,train
ft_01097.png,train
ft_01098.png,train
ft_01099.png,train
ft_01100.png,train
ft_01101.png,train
ft_01102.png,train
ft_01103.png,test
ft_01104.png,train
ft_01105.png,train
ft_01106.png,train
ft_01107.png,train
ft_01108.png,train
ft_01109.png,train
ft_01110.png,train
ft_01111.png,train
ft_01112.png,train
ft_01113.png,train
ft_01114.png,train
ft_01115.png,val
ft_01116.png,train
ft_01117.png,train
ft_01118.png,test
ft_01119.png,train
ft_01120.png,train
ft_01121.png,train
ft_01122.png,train
ft_01123.png,train
ft_01124.png,train
ft_01125.png,train
ft_01126.png,val
ft_01127.png,test
ft_01128.png,train
ft_01129.png,train
ft_01130.png,train
ft_01131.png,train
ft_01132.png,train
ft_01133.png,val
ft_01134.png,test
ft_01135.png,train
ft_01136.png,val
ft_01137.png,val
ft_01138.png,train
ft_01139.png,train
ft_01140.png,train
ft_01141.png,train
ft_01142.png,train
ft_01143.png,train
ft_01144.png,train
ft_01145.png,train
ft_01146.png,train
ft_01147.png,train
ft_01148.png,train
ft_01149.png,train
ft_01150.png,train
ft_01151.png,train
ft_01152.png,train
ft_01153.png,train
ft_01154.png,train
ft_01155.png,train
ft_01156.png,train
ft_01157.png,train
ft_01158.png,train
ft_01159.png,train
ft_01160.png,train
ft_01161.png,test
ft_01162.png,train
ft_01163.png,test
ft_01164.png,train
ft_01165.png,val
ft_01166.png,train
ft_01167.png,train
ft_01168.png,train
ft_01169.png,train
ft_01170.png,train
ft_01171.png,val
ft_01172.png,train
ft_01173.png,test
ft_01174.png,val
ft_01175.png,train
ft_01176.png,train
ft_01177.png,train
ft_01178.png,train
ft_01179.png,train
ft_01180.png,train
ft_01181.png,train
ft_01182.png,train
ft_01183.png,train
ft_01184.png,train
ft_01185.png,train
ft_01186.png,train
ft_01187.png,train
ft_01188.png,train
ft_01189.png,val
ft_01190.png,train
ft_01191.png,train
ft_01192.png,train
ft_01193.png,train
ft_01194.png,train
ft_01195.png,train
ft_01196.png,train
ft_01197.png,val
ft_01198.png,train
ft_01199.png,val
ft_01200.png,test
ft_01201.png,train
ft_01202.png,test
ft_01203.png,train
ft_01204.png,train
ft_01205.png,train
ft_01206.png,test
ft_01207.png,train
ft_01208.png,test
ft_01209.png,train
ft_01210.png,train
ft_01211.png,val
ft_01212.png,train
ft_01213.png,train
ft_01214.png,train
ft_01215.png,train
ft_01216.png,train
ft_01217.png,train
ft_01218.png,train
ft_01219.png,train
ft_01220.png,train
ft_01221.png,test
ft_01222.png,train
ft_01223.png,train
ft_01224.png,train
ft_01225.png,val
ft_01226.png,train
ft_01227.png,train
ft_01228.png,train
ft_01229.png,train
ft_01230.png,val
ft_01231.png,train
ft_01232.png,val
ft_01233.png,train
ft_01234.png,train
ft_01235.png,train
ft_01236.png,train
ft_01237.png,train
ft_01238.png,val
ft_01239.png,val
ft_01240.png,train
ft_01241.png,train
ft_01242.png,train
ft_01243.png,train
ft_01244.png,val
ft_01245.png,train
ft_01246.png,train
ft_01247.png,train
ft_01248.png,train
ft_01249.png,train
ft_01250.png,train
ft_01251.png,train
ft_01252.png,val
ft_01253.png,train
ft_01254.png,train
ft_01255.png,train
ft_01256.png,test
ft_01257.png,train
ft_01258.png,val
ft_01259.png,train
ft_01260.png,train
ft_01261.png,train
ft_01262.png,val
ft_01263.png,test
ft_01264.png,train
ft_01265.png,test
ft_01266.png,train
ft_01267.png,train
ft_01268.png,train
ft_01269.png,train
ft_01270.png,train
ft_01271.png,test
ft_01272.png,train
ft_01273.png,train
ft_01274.png,train
ft_01275.png,train
ft_01276.png,train
ft_01277.png,train
ft_01278.png,test
ft_01279.png,train
ft_01280.png,train
ft_01281.png,train
ft_01282.png,test
ft_01283.png,train
ft_01284.png,train
ft_01285.png,train
ft_01286.png,val
ft_01287.png,train
ft_01288.png,train
ft_01289.png,train
ft_01290.png,train
ft_01291.png,train
ft_01292.png,val
ft_01293.png,train
ft_01294.png,train
ft_01295.png,train
ft_01296.png,train
ft_01297.png,test
ft_01298.png,train
ft_01299.png,train
ft_01300.png,val
ft_01301.png,train
ft_01302.png,train
ft_01303.png,train
ft_01304.png,train
ft_01305.png,train
ft_01306.png,train
ft_01307.png,train
ft_01308.png,train
ft_01309.png,train
ft_01310.png,train
ft_01311.png,test
ft_01312.png,train
ft_01313.png,train
ft_01314.png,train
ft_01315.png,train
ft_01316.png,train
ft_01317.png,train
ft_01318.png,train
ft_01319.png,train
ft_01320.png,train
ft_01321.png,train
ft_01322.png,train
ft_01323.png,test
ft_01324.png,train
ft_01325.png,train
ft_01326.png,train
ft_01327.png,val
ft_01328.png,train
ft_01329.png,train
ft_01330.png,val
ft_01331.png,train
ft_01332.png,train
ft_01333.png,train
ft_01334.png,train
ft_01335.png,train
ft_01336.png,train
ft_01337.png,train
ft_01338.png,train
ft_01339.png,train
ft_01340.png,val
ft_01341.png,train
ft_01342.png,train
ft_01343.png,train
ft_01344.png,train
ft_01345.png,test
ft_01346.png,train
ft_01347.png,train
ft_01348.png,test
ft_01349.png,train
ft_01350.png,train
ft_01351.png,val
ft_01352.png,train
ft_01353.png,train
ft_01354.png,val
ft_01355.png,train
ft_01356.png,train
ft_01357.png,train
ft_01358.png,train
ft_01359.png,train
ft_01360.png,train
ft_01361.png,val
ft_01362.png,train
ft_01363.png,train
ft_01364.png,train
ft_01365.png,train
ft_01366.png,train
ft_01367.png,train
ft_01368.png,train
ft_01369.png,train
ft_01370.png,train
ft_01371.png,train
ft_01372.png,test
ft_01373.png,train
ft_01374.png,train
ft_01375.png,train
ft_01376.png,train
ft_01377.png,train
ft_01378.png,test
ft_01379.png,train
ft_01380.png,train
ft_01381.png,train
ft_01382.png,train
ft_01383.png,train
ft_01384.png,train
ft_01385.png,train
ft_01386.png,test
ft_01387.png,train
ft_01388.png,train
ft_01389.png,train
ft_01390.png,train
ft_01391.png,train
ft_01392.png,test
ft_01393.png,train
ft_01394.png,train
ft_01395.png,train
ft_01396.png,train
ft_01397.png,train
ft_01398.png,train
ft_01399.png,train
ft_01400.png,train
ft_01401.png,val
ft_01402.png,val
ft_01403.png,train
ft_01404.png,test
ft_01405.png,train
ft_01406.png,test
ft_01407.png,train
ft_01408.png,test
ft_01409.png,train
ft_01410.png,test
ft_01411.png,train
ft_01412.png,train
ft_01413.png,train
ft_01414.png,train
ft_01415.png,train
ft_01416.png,train
ft_01417.png,train
ft_01418.png,train
ft_01419.png,train
ft_01420.png,train
ft_01421.png,train
ft_01422.png,test
ft_01423.png,train
ft_01424.png,train
ft_01425.png,val
ft_01426.png,val
ft_01427.png,train
ft_01428.png,train
ft_01429.png,train
ft_01430.png,test
ft_01431.png,train
ft_01432.png,train
ft_01433.png,train
ft_01434.png,train
ft_01435.png,val
ft_01436.png,train
ft_01437.png,train
ft_01438.png,train
ft_01439.png,val
ft_01440.png,train
ft_01441.png,train
ft_01442.png,train
ft_01443.png,train
ft_01444.png,train
ft_01445.png,train
ft_01446.png,train
ft_01447.png,train
ft_01448.png,train
ft_01449.png,train
ft_01450.png,train
ft_01451.png,train
ft_01452.png,train
ft_01453.png,train
ft_01454.png,train
ft_01455.png,train
ft_01456.png,train
ft_01457.png,train
ft_01458.png,train
ft_01459.png,train
ft_01460.png,train
ft_01461.png,train
ft_01462.png,train
ft_01463.png,train
ft_01464.png,train
ft_01465.png,train
ft_01466.png,train
ft_01467.png,test
ft_01468.png,val
ft_01469.png,train
ft_01470.png,train
ft_01471.png,train
ft_01472.png,train
ft_01473.png,train
ft_01474.png,train
ft_01475.png,val
ft_01476.png,train
ft_01477.png,val
ft_01478.png,train
ft_01479.png,train
ft_01480.png,test
ft_01481.png,train
ft_01482.png,train
ft_01483.png,train
ft_01484.png,val
ft_01485.png,val
ft_01486.png,train
ft_01487.png,train
ft_01488.png,train
ft_01489.png,train
ft_01490.png,train
ft_01491.png,train
ft_01492.png,train
ft_01493.png,train
ft_01494.png,train
ft_01495.png,train
ft_01496.png,train
ft_01497.png,train
ft_01498.png,train
ft_01499.png,train
ft_01500.png,train
ft_01501.png,train
ft_01502.png,train
ft_01503.png,train
ft_01504.png,train
ft_01505.png,test
ft_01506.png,test
ft_01507.png,val
ft_01508.png,train
ft_01509.png,train
ft_01510.png,train
ft_01511.png,train
ft_01512.png,train
ft_01513.png,val
ft_01514.png,train
ft_01515.png,train
ft_01516.png,train
ft_01517.png,train
ft_01518.png,train
ft_01519.png,train
ft_01520.png,train
ft_01521.png,test
ft_01522.png,test
ft_01523.png,test
ft_01524.png,train
ft_01525.png,train
ft_01526.png,train
ft_01527.png,train
ft_01528.png,train
ft_01529.png,train
ft_01530.png,train
ft_01531.png,val
ft_01532.png,train
ft_01533.png,train
ft_01534.png,train
ft_01535.png,val
ft_01536.png,train
ft_01537.png,train
ft_01538.png,val
ft_01539.png,train
ft_01540.png,train
ft_01541.png,test
ft_01542.png,train
ft_01543.png,train
ft_01544.png,train
ft_01545.png,test
ft_01546.png,val
ft_01547.png,val
ft_01548.png,test
ft_01549.png,train
ft_01550.png,train
ft_01551.png,val
ft_01552.png,train
ft_01553.png,train
ft_01554.png,train
ft_01555.png,train
ft_01556.png,train
ft_01557.png,train
ft_01558.png,test
ft_01559.png,test
ft_01560.png,train
ft_01561.png,test
ft_01562.png,train
ft_01563.png,test
ft_01564.png,train
ft_01565.png,train
ft_01566.png,train
ft_01567.png,train
ft_01568.png,train
ft_01569.png,train
ft_01570.png,test
ft_01571.png,train
ft_01572.png,train
ft_01573.png,train
ft_01574.png,train
ft_01575.png,train
ft_01576.png,train
ft_01577.png,val
ft_01578.png,train
ft_01579.png,train
ft_01580.png,train
ft_01581.png,train
ft_01582.png,train
ft_01583.png,train
ft_01584.png,train
ft_01585.png,val
ft_01586.png,train
ft_01587.png,train
ft_01588.png,train
ft_01589.png,val
ft_01590.png,train
ft_01591.png,train
ft_01592.png,train
ft_01593.png,train
ft_01594.png,train
ft_01595.png,val
ft_01596.png,train
ft_01597.png,train
ft_01598.png,train
ft_01599.png,test
ft_01600.png,test
ft_01601.png,train
ft_01602.png,val
ft_01603.png,train
ft_01604.png,train
ft_01605.png,train
ft_01606.png,val
ft_01607.png,train
ft_01608.png,test
ft_01609.png,train
ft_01610.png,train
ft_01611.png,train
ft_01612.png,train
ft_01613.png,train
ft_01614.png,train
ft_01615.png,train
ft_01616.png,train
ft_01617.png,train
ft_01618.png,test
ft_01619.png,val
ft_01620.png,train
ft_01621.png,train
ft_01622.png,train
ft_01623.png,train
ft_01624.png,val
ft_01625.png,train
ft_01626.png,train
ft_01627.png,train
ft_01628.png,train
ft_01629.png,train
ft_01630.png,train
ft_01631.png,train
ft_01632.png,train
ft_01633.png,train
ft_01634.png,train
ft_01635.png,train
ft_01636.png,train
ft_01637.png,train
ft_01638.png,train
ft_01639.png,train
ft_01640.png,train
ft_01641.png,train
ft_01642.png,train
ft_01643.png,train
ft_01644.png,train
ft_01645.png,train
ft_01646.png,val
ft_01647.png,val
ft_01648.png,val
ft_01649.png,train
ft_01650.png,train
ft_01651.png,train
ft_01652.png,train
ft_01653.png,train
ft_01654.png,train
ft_01655.png,train
ft_01656.png,train
ft_01657.png,train
ft_01658.png,train
ft_01659.png,train
ft_01660.png,test
ft_01661.png,train
ft_01662.png,train
ft_01663.png,train
ft_01664.png,train
ft_01665.png,test
ft_01666.png,train
ft_01667.png,train
ft_01668.png,test
ft_01669.png,train
ft_01670.png,train
ft_01671.png,test
ft_01672.png,train
ft_01673.png,test
ft_01674.png,train
ft_01675.png,train
ft_01676.png,train
ft_01677.png,train
ft_01678.png,train
ft_01679.png,train
ft_01680.png,train
ft_01681.png,test
ft_01682.png,train
ft_01683.png,train
ft_01684.png,train
ft_01685.png,train
ft_01686.png,train
ft_01687.png,train
ft_01688.png,train
ft_01689.png,test
ft_01690.png,train
ft_01691.png,val
ft_01692.png,train
ft_01693.png,train
ft_01694.png,test
ft_01695.png,train
ft_01696.png,train
ft_01697.png,train
ft_01698.png,train
ft_01699.png,train
ft_01700.png,train
ft_01701.png,train
ft_01702.png,train
ft_01703.png,val
ft_01704.png,train
ft_01705.png,train
ft_01706.png,train
ft_01707.png,train
ft_01708.png,train
ft_01709.png,train
ft_01710.png,train
ft_01711.png,train
ft_01712.png,train
ft_01713.png,train
ft_01714.png,train
ft_01715.png,train
ft_01716.png,train
ft_01717.png,val
ft_01718.png,train
ft_01719.png,train
ft_01720.png,train
ft_01721.png,train
ft_01722.png,train
ft_01723.png,train
ft_01724.png,val
ft_01725.png,val
ft_01726.png,train
ft_01727.png,train
ft_01728.png,train
ft_01729.png,test
ft_01730.png,train
ft_01731.png,train
ft_01732.png,train
ft_01733.png,train
ft_01734.png,val
ft_01735.png,train
ft_01736.png,test
ft_01737.png,train
ft_01738.png,val
ft_01739.png,train
ft_01740.png,train
ft_01741.png,train
ft_01742.png,train
ft_01743.png,train
ft_01744.png,train
ft_01745.png,train
ft_01746.png,train
ft_01747.png,train
ft_01748.png,train
ft_01749.png,train
ft_01750.png,train
ft_01751.png,train
ft_01752.png,train
ft_01753.png,train
ft_01754.png,train
ft_01755.png,train
ft_01756.png,val
ft_01757.png,train
ft_01758.png,train
ft_01759.png,train
ft_01760.png,train
ft_01761.png,val
ft_01762.png,train
ft_01763.png,train
ft_01764.png,train
ft_01765.png,train
ft_01766.png,train
ft_01767.png,train
ft_01768.png,train
ft_01769.png,train
ft_01770.png,train
ft_01771.png,train
ft_01772.png,test
ft_01773.png,train
ft_01774.png,train
ft_01775.png,val
ft_01776.png,train
ft_01777.png,train
ft_01778.png,train
ft_01779.png,train
ft_01780.png,val
ft_01781.png,train
ft_01782.png,train
ft_01783.png,train
ft_01784.png,test
ft_01785.png,test
ft_01786.png,val
ft_01787.png,train
ft_01788.png,train
ft_01789.png,train
ft_01790.png,train
ft_01791.png,test
ft_01792.png,train
ft_01793.png,train
ft_01794.png,train
ft_01795.png,train
ft_01796.png,val
ft_01797.png,train
ft_01798.png,test
ft_01799.png,train
ft_01800.png,train
ft_01801.png,train
ft_01802.png,train
ft_01803.png,train
ft_01804.png,train
ft_01805.png,test
ft_01806.png,val
ft_01807.png,train
ft_01808.png,train
ft_01809.png,train
ft_01810.png,train
ft_01811.png,train
ft_01812.png,test
ft_01813.png,train
ft_01814.png,train
ft_01815.png,val
ft_01816.png,train
ft_01817.png,train
ft_01818.png,train
ft_01819.png,train
ft_01820.png,val
ft_01821.png,train
ft_01822.png,train
ft_01823.png,train
ft_01824.png,train
ft_01825.png,test
ft_01826.png,val
ft_01827.png,train
ft_01828.png,train
ft_01829.png,train
ft_01830.png,test
ft_01831.png,val
ft_01832.png,train
ft_01833.png,train
ft_01834.png,train
ft_01835.png,train
ft_01836.png,train
ft_01837.png,train
ft_01838.png,val
ft_01839.png,train
ft_01840.png,train
ft_01841.png,train
ft_01842.png,train
ft_01843.png,train
ft_01844.png,train
ft_01845.png,train
ft_01846.png,train
ft_01847.png,train
ft_01848.png,train
ft_01849.png,train
ft_01850.png,train
ft_01851.png,train
ft_01852.png,train
ft_01853.png,train
ft_01854.png,train
ft_01855.png,train
ft_01856.png,train
ft_01857.png,train
ft_01858.png,train
ft_01859.png,train
ft_01860.png,test
ft_01861.png,train
ft_01862.png,train
ft_01863.png,test
ft_01864.png,train
ft_01865.png,train
ft_01866.png,train
ft_01867.png,train
ft_01868.png,train
ft_01869.png,train
ft_01870.png,train
ft_01871.png,val
ft_01872.png,test
ft_01873.png,train
ft_01874.png,val
ft_01875.png,train
ft_01876.png,train
ft_01877.png,train
ft_01878.png,val
ft_01879.png,train
ft_01880.png,train
ft_01881.png,train
ft_01882.png,train
ft_01883.png,train
ft_01884.png,val
ft_01885.png,test
ft_01886.png,train
ft_01887.png,val
ft_01888.png,test
ft_01889.png,val
ft_01890.png,train
ft_01891.png,train
ft_01892.png,test
ft_01893.png,val
ft_01894.png,train
ft_01895.png,val
ft_01896.png,train
ft_01897.png,train
ft_01898.png,train
ft_01899.png,train
ft_01900.png,train
ft_01901.png,train
ft_01902.png,train
ft_01903.png,train
ft_01904.png,train
ft_01905.png,train
ft_01906.png,train
ft_01907.png,train
ft_01908.png,val
ft_01909.png,train
ft_01910.png,train
ft_01911.png,train
ft_01912.png,val
ft_01913.png,val
ft_01914.png,test
ft_01915.png,train
ft_01916.png,test
ft_01917.png,train
ft_01918.png,train
ft_01919.png,train
ft_01920.png,train
ft_01921.png,train
ft_01922.png,train
ft_01923.png,train
ft_01924.png,train
ft_01925.png,train
ft_01926.png,train
ft_01927.png,val
ft_01928.png,train
ft_01929.png,train
ft_01930.png,test
ft_01931.png,train
ft_01932.png,val
ft_01933.png,train
ft_01934.png,train
ft_01935.png,train
ft_01936.png,train
ft_01937.png,train
ft_01938.png,train
ft_01939.png,train
ft_01940.png,train
ft_01941.png,train
ft_01942.png,train
ft_01943.png,train
ft_01944.png,val
ft_01945.png,train
ft_01946.png,train
ft_01947.png,train
ft_01948.png,train
ft_01949.png,train
ft_01950.png,train
ft_01951.png,train
ft_01952.png,train
ft_01953.png,train
ft_01954.png,train
ft_01955.png,train
ft_01956.png,train
ft_01957.png,train
ft_01958.png,train
ft_01959.png,val
ft_01960.png,train
ft_01961.png,train
ft_01962.png,train
ft_01963.png,train
ft_01964.png,train
ft_01965.png,val
ft_01966.png,train
ft_01967.png,train
ft_01968.png,train
ft_01969.png,val
ft_01970.png,val
ft_01971.png,train
ft_01972.png,test
ft_01973.png,train
ft_01974.png,train
ft_01975.png,train
ft_01976.png,train
ft_01977.png,train
ft_01978.png,train
ft_01979.png,train
ft_01980.png,train
ft_01981.png,val
ft_01982.png,test
ft_01983.png,train
ft_01984.png,test
ft_01985.png,val
ft_01986.png,train
ft_01987.png,train
ft_01988.png,train
ft_01989.png,train
ft_01990.png,train
ft_01991.png,test
ft_01992.png,train
ft_01993.png,test
ft_01994.png,train
ft_01995.png,train
ft_01996.png,train
ft_01997.png,test
ft_01998.png,train
ft_01999.png,train
ft_02000.png,train
ft_02001.png,val
ft_02002.png,val
ft_02003.png,train
ft_02004.png,train
ft_02005.png,train
ft_02006.png,train
ft_02007.png,train
ft_02008.png,train
ft_02009.png,train
ft_02010.png,train
ft_02011.png,train
ft_02012.png,train
ft_02013.png,test
ft_02014.png,train
ft_02015.png,test
ft_02016.png,test
ft_02017.png,test
ft_02018.png,val
ft_02019.png,train
ft_02020.png,train
ft_02021.png,train
ft_02022.png,train
ft_02023.png,train
ft_02024.png,train
ft_02025.png,train
ft_02026.png,train
ft_02027.png,train
ft_02028.png,test
ft_02029.png,train
ft_02030.png,test
ft_02031.png,train
ft_02032.png,train
ft_02033.png,train
ft_02034.png,test
ft_02035.png,train
ft_02036.png,test
ft_02037.png,train
ft_02038.png,val
ft_02039.png,train
ft_02040.png,train
ft_02041.png,train
ft_02042.png,train
ft_02043.png,train
ft_02044.png,train
ft_02045.png,train
ft_02046.png,train
ft_02047.png,train
ft_02048.png,train
ft_02049.png,train
ft_02050.png,test
ft_02051.png,train
ft_02052.png,train
ft_02053.png,train
ft_02054.png,train
ft_02055.png,train
ft_02056.png,train
ft_02057.png,train
ft_02058.png,test
ft_02059.png,train
ft_02060.png,train
ft_02061.png,train
ft_02062.png,val
ft_02063.png,train
ft_02064.png,train
ft_02065.png,train
ft_02066.png,train
ft_02067.png,train
ft_02068.png,train
ft_02069.png,train
ft_02070.png,train
ft_02071.png,train
ft_02072.png,train
ft_02073.png,train
ft_02074.png,train
ft_02075.png,train
ft_02076.png,test
ft_02077.png,train
ft_02078.png,train
ft_02079.png,train
ft_02080.png,train
ft_02081.png,train
ft_02082.png,train
ft_02083.png,train
ft_02084.png,test
ft_02085.png,test
ft_02086.png,val
ft_02087.png,train
ft_02088.png,train
ft_02089.png,train
ft_02090.png,train
ft_02091.png,val
ft_02092.png,train
ft_02093.png,train
ft_02094.png,train
ft_02095.png,val
ft_02096.png,test
ft_02097.png,train
ft_02098.png,train
ft_02099.png,test
ft_02100.png,train
ft_02101.png,train
ft_02102.png,train
ft_02103.png,train
ft_02104.png,test
ft_02105.png,train
ft_02106.png,train
ft_02107.png,train
ft_02108.png,train
ft_02109.png,train
ft_02110.png,train
ft_02111.png,train
ft_02112.png,test
ft_02113.png,val
ft_02114.png,val
ft_02115.png,train
ft_02116.png,train
ft_02117.png,train
ft_02118.png,test
ft_02119.png,train
ft_02120.png,train
ft_02121.png,train
ft_02122.png,train
ft_02123.png,train
ft_02124.png,train
ft_02125.png,train
ft_02126.png,train
ft_02127.png,train
ft_02128.png,train
ft_02129.png,train
ft_02130.png,train
ft_02131.png,train
ft_02132.png,test
ft_02133.png,test
ft_02134.png,train
ft_02135.png,test
ft_02136.png,test
ft_02137.png,train
ft_02138.png,train
ft_02139.png,train
ft_02140.png,test
ft_02141.png,train
ft_02142.png,train
ft_02143.png,test
ft_02144.png,val
ft_02145.png,test
ft_02146.png,train
ft_02147.png,val
ft_02148.png,test
ft_02149.png,train
ft_02150.png,train
ft_02151.png,train
ft_02152.png,train
ft_02153.png,train
ft_02154.png,train
ft_02155.png,train
ft_02156.png,train
ft_02157.png,train
ft_02158.png,train
ft_02159.png,train
ft_02160.png,test
ft_02161.png,train
ft_02162.png,train
ft_02163.png,test
ft_02164.png,train
ft_02165.png,train
ft_02166.png,train
ft_02167.png,train
ft_02168.png,train
ft_02169.png,train
ft_02170.png,train
ft_02171.png,train
ft_02172.png,test
ft_02173.png,val
ft_02174.png,train
ft_02175.png,train
ft_02176.png,train
ft_02177.png,train
ft_02178.png,train
ft_02179.png,train
ft_02180.png,train
ft_02181.png,train
ft_02182.png,train
ft_02183.png,val
ft_02184.png,train
ft_02185.png,train
ft_02186.png,val
ft_02187.png,val
ft_02188.png,train
ft_02189.png,val
ft_02190.png,train
ft_02191.png,train
ft_02192.png,train
ft_02193.png,train
ft_02194.png,train
ft_02195.png,train
ft_02196.png,train
ft_02197.png,train
ft_02198.png,train
ft_02199.png,train
ft_02200.png,train
ft_02201.png,test
ft_02202.png,train
ft_02203.png,train
ft_02204.png,train
ft_02205.png,train
ft_02206.png,train
ft_02207.png,train
ft_02208.png,train
ft_02209.png,train
ft_02210.png,train
ft_02211.png,train
ft_02212.png,train
ft_02213.png,train
ft_02214.png,train
ft_02215.png,train
ft_02216.png,train
ft_02217.png,train
ft_02218.png,test
ft_02219.png,test
ft_02220.png,test
ft_02221.png,train
ft_02222.png,val
ft_02223.png,train
ft_02224.png,train
ft_02225.png,train
ft_02226.png,val
ft_02227.png,train
ft_02228.png,test
ft_02229.png,train
ft_02230.png,train
ft_02231.png,train
ft_02232.png,test
ft_02233.png,train
ft_02234.png,train
ft_02235.png,train
ft_02236.png,test
ft_02237.png,train
ft_02238.png,train
ft_02239.png,train
ft_02240.png,train
ft_02241.png,val
ft_02242.png,train
ft_02243.png,train
ft_02244.png,test
ft_02245.png,train
ft_02246.png,train
ft_02247.png,train
ft_02248.png,test
ft_02249.png,val
ft_02250.png,train
ft_02251.png,train
ft_02252.png,train
ft_02253.png,train
ft_02254.png,train
ft_02255.png,train
ft_02256.png,test
ft_02257.png,train
ft_02258.png,train
ft_02259.png,val
ft_02260.png,train
ft_02261.png,train
ft_02262.png,train
ft_02263.png,test
ft_02264.png,val
ft_02265.png,train
ft_02266.png,val
ft_02267.png,val
ft_02268.png,train
ft_02269.png,train
ft_02270.png,train
ft_02271.png,train
ft_02272.png,train
ft_02273.png,train
ft_02274.png,train
ft_02275.png,train
ft_02276.png,train
ft_02277.png,train
ft_02278.png,train
ft_02279.png,val
ft_02280.png,train
ft_02281.png,train
ft_02282.png,train
ft_02283.png,train
ft_02284.png,train
ft_02285.png,train
ft_02286.png,train
ft_02287.png,test
ft_02288.png,train
ft_02289.png,train
ft_02290.png,train
ft_02291.png,test
ft_02292.png,train
ft_02293.png,val
ft_02294.png,train
ft_02295.png,train
ft_02296.png,train
ft_02297.png,train
ft_02298.png,train
ft_02299.png,val
ft_02300.png,train
ft_02301.png,val
ft_02302.png,test
ft_02303.png,train
ft_02304.png,test
ft_02305.png,train
ft_02306.png,train
ft_02307.png,test
ft_02308.png,train
ft_02309.png,train
ft_02310.png,train
ft_02311.png,train
ft_02312.png,train
ft_02313.png,train
ft_02314.png,train
ft_02315.png,train
ft_02316.png,train
ft_02317.png,train
ft_02318.png,train
ft_02319.png,train
ft_02320.png,train
ft_02321.png,train
ft_02322.png,test
ft_02323.png,train
ft_02324.png,train
ft_02325.png,train
ft_02326.png,train
ft_02327.png,train
ft_02328.png,train
ft_02329.png,test
ft_02330.png,train
ft_02331.png,train
ft_02332.png,train
ft_02333.png,train
ft_02334.png,train
ft_02335.png,train
ft_02336.png,train
ft_02337.png,train
ft_02338.png,train
ft_02339.png,train
ft_02340.png,train
ft_02341.png,train
ft_02342.png,train
ft_02343.png,train
ft_02344.png,train
ft_02345.png,train
ft_02346.png,train
ft_02347.png,train
ft_02348.png,train
ft_02349.png,train
ft_02350.png,train
ft_02351.png,train
ft_02352.png,train
ft_02353.png,train
ft_02354.png,train
ft_02355.png,train
ft_02356.png,train
ft_02357.png,test
ft_02358.png,train
ft_02359.png,train
ft_02360.png,train
ft_02361.png,train
ft_02362.png,train
ft_02363.png,train
ft_02364.png,train
ft_02365.png,train
ft_02366.png,train
ft_02367.png,train
ft_02368.png,train
ft_02369.png,train
ft_02370.png,train
ft_02371.png,train
ft_02372.png,val
ft_02373.png,train
ft_02374.png,train
ft_02375.png,val
ft_02376.png,train
ft_02377.png,train
ft_02378.png,train
ft_02379.png,train
ft_02380.png,train
ft_02381.png,train
ft_02382.png,val
ft_02383.png,train
ft_02384.png,train
ft_02385.png,train
ft_02386.png,train
ft_02387.png,train
ft_02388.png,train
ft_02389.png,train
ft_02390.png,train
ft_02391.png,train
ft_02392.png,train
ft_02393.png,train
ft_02394.png,train
ft_02395.png,test
ft_02396.png,train
ft_02397.png,val
ft_02398.png,train
ft_02399.png,train
ft_02400.png,train
ft_02401.png,train
ft_02402.png,train
ft_02403.png,train
ft_02404.png,train
ft_02405.png,train
ft_02406.png,val
ft_02407.png,train
ft_02408.png,train
ft_02409.png,train
ft_02410.png,train
ft_02411.png,train
ft_02412.png,val
ft_02413.png,train
ft_02414.png,train
ft_02415.png,train
ft_02416.png,train
ft_02417.png,train
ft_02418.png,train
ft_02419.png,train
ft_02420.png,train
ft_02421.png,train
ft_02422.png,train
ft_02423.png,train
ft_02424.png,train
ft_02425.png,train
ft_02426.png,train
ft_02427.png,train
ft_02428.png,train
ft_02429.png,train
ft_02430.png,val
ft_02431.png,train
ft_02432.png,train
ft_02433.png,train
ft_02434.png,train
ft_02435.png,val
ft_02436.png,test
ft_02437.png,train
ft_02438.png,train
ft_02439.png,train
ft_02440.png,val
ft_02441.png,val
ft_02442.png,train
ft_02443.png,train
ft_02444.png,train
ft_02445.png,train
ft_02446.png,train
ft_02447.png,train
ft_02448.png,train
ft_02449.png,train
ft_02450.png,val
ft_02451.png,train
ft_02452.png,val
ft_02453.png,val
ft_02454.png,train
ft_02455.png,train
ft_02456.png,train
ft_02457.png,train
ft_02458.png,train
ft_02459.png,train
ft_02460.png,train
ft_02461.png,train
ft_02462.png,train
ft_02463.png,test
ft_02464.png,train
ft_02465.png,val
ft_02466.png,train
ft_02467.png,train
ft_02468.png,train
ft_02469.png,train
ft_02470.png,train
ft_02471.png,train
ft_02472.png,test
ft_02473.png,train
ft_02474.png,train
ft_02475.png,train
ft_02476.png,train
ft_02477.png,train
ft_02478.png,val
ft_02479.png,train
ft_02480.png,test
ft_02481.png,train
ft_02482.png,train
ft_02483.png,test
ft_02484.png,train
ft_02485.png,train
ft_02486.png,train
ft_02487.png,train
ft_02488.png,train
ft_02489.png,test
ft_02490.png,train
ft_02491.png,train
ft_02492.png,val
ft_02493.png,train
ft_02494.png,train
ft_02495.png,test
ft_02496.png,train
ft_02497.png,val
ft_02498.png,train
ft_02499.png,train
